2018-07-21,17.3,13.0,20.0,,,240,8.0,,1020.5,
2018-07-22,13.2,11.0,16.6,,,67,11.7,,1023.9,
2018-07-23,17.6,12.0,24.6,,,14,6.8,,1024.1,
2018-07-24,14.4,12.0,17.2,,,114,10.6,,1026.4,
2018-07-25,14.8,12.6,19.1,,,97,9.2,,1027.0,
2018-07-26,17.0,13.2,23.0,,,44,7.5,,1024.1,
2018-07-27,19.4,11.0,24.0,,,31,7.0,,1021.4,
2018-07-28,20.2,12.0,25.0,,,21,8.8,,1018.9,
2018-07-29,21.4,15.3,25.0,,,304,9.3,,1015.6,
2018-07-30,14.8,11.0,19.3,,,64,9.2,,1017.2,
2018-07-31,13.3,10.0,17.0,,,103,9.5,,1019.2,
2018-08-01,10.0,9.0,13.1,,,100,11.7,,1022.5,
2018-08-02,12.4,9.8,15.0,,,103,10.6,,1022.7,
2018-08-03,14.5,12.0,17.0,,,58,7.7,,1019.0,
2018-08-04,14.9,12.0,18.8,,,214,4.9,,1017.3,
2018-08-05,16.0,12.0,19.0,,,251,5.4,,1018.3,
2018-08-06,14.2,11.0,18.7,,,86,5.6,,1021.7,
2018-08-07,14.0,8.0,20.0,,,63,9.2,,1023.1,
2018-08-08,15.9,10.0,21.0,,,0,8.0,,1022.3,
2018-08-09,16.8,8.0,21.0,,,301,14.8,,1016.2,
2018-08-10,12.2,5.0,17.0,,,271,13.9,,1018.0,
2018-08-11,15.1,5.1,20.0,,,232,7.2,,1020.7,
2018-08-12,14.8,6.0,20.0,,,117,5.6,,1022.9,
2018-08-13,14.4,8.9,21.5,,,91,6.5,,1022.0,
2018-08-14,17.2,8.7,26.0,,,92,5.4,,1019.8,
2018-08-15,13.2,9.0,17.2,,,125,10.9,,1022.3,
2018-08-16,11.6,10.0,13.1,,,123,10.6,,1027.0,
2018-08-17,12.5,10.8,17.5,,,101,9.8,,1028.3,
2018-08-18,15.3,11.0,20.5,,,73,9.2,,1025.6,
2018-08-19,18.3,11.0,24.0,,,23,9.3,,1023.6,
2018-08-20,20.3,11.0,26.0,,,40,9.2,,1023.1,
2018-08-21,14.9,13.0,20.3,,,101,10.0,,1023.2,
2018-08-22,15.4,12.0,19.0,,,10,8.1,,1021.4,
2018-08-23,19.7,14.0,24.0,,,336,7.5,,1018.4,
2018-08-24,18.8,15.0,23.0,,,17,14.0,,1016.3,
2018-08-25,15.4,9.9,19.0,,,252,11.7,,1018.8,
2018-08-26,11.9,5.7,17.0,,,164,10.6,,1026.5,
2018-08-27,10.7,5.9,17.0,,,86,10.5,,1026.9,
2018-08-28,15.5,8.5,21.0,,,73,10.7,,1025.7,
2018-08-29,18.8,11.0,24.0,,,40,8.4,,1023.3,
2018-08-30,22.2,11.0,27.0,,,9,10.4,,1018.8,
2018-08-31,24.3,15.0,29.0,,,333,11.2,,1015.5,
2018-09-01,18.9,15.0,24.8,,,98,8.8,,1015.8,
2018-09-02,17.3,15.0,23.1,,,116,8.2,,1015.3,
2018-09-03,15.4,11.0,18.0,,,303,12.6,,1013.4,
2018-09-04,13.0,10.0,17.0,,,220,11.6,,1016.1,
2018-09-05,11.7,7.0,17.3,,,117,9.1,,1022.8,
2018-09-06,13.4,6.0,20.3,,,81,7.7,,1024.3,
2018-09-07,16.7,8.5,25.0,,,77,8.2,,1023.0,
2018-09-08,17.3,11.8,24.0,,,96,8.7,,1021.6,
2018-09-09,14.6,11.5,20.4,,,97,10.5,,1021.7,
2018-09-10,14.9,12.0,20.3,,,95,11.2,,1021.2,
2018-09-11,14.7,12.0,17.0,,,97,12.2,,1020.8,
2018-09-12,15.0,12.2,18.0,,,96,13.9,,1021.6,
2018-09-13,15.1,12.8,19.1,,,93,10.8,,1018.9,
2018-09-14,15.2,14.0,17.9,,,114,7.8,,1014.6,
2018-09-15,16.2,13.0,21.0,,,131,8.6,,1014.7,
2018-09-16,15.4,12.0,19.0,,,120,9.4,,1018.0,
2018-09-17,15.9,13.0,19.7,,,27,11.0,,1014.7,
2018-09-18,21.2,14.9,25.0,,,312,10.8,,1011.8,
2018-09-19,22.0,15.0,27.0,,,304,11.6,,1015.2,
2018-09-20,16.4,15.0,19.6,,,357,8.5,,1017.1,
2018-09-21,20.3,13.0,25.0,,,308,5.1,,1017.2,
2018-09-22,22.3,15.0,28.0,,,71,6.4,,1016.7,
2018-09-23,23.3,14.0,29.5,,,53,8.4,,1016.0,
2018-09-24,22.2,17.0,28.4,,,85,11.1,,1016.4,
2018-09-25,19.1,15.0,23.4,,,106,9.7,,1016.5,
2018-09-26,20.6,16.0,27.0,,,47,10.9,,1015.4,
2018-09-27,19.6,17.0,22.3,,,74,6.5,,1015.0,
2018-09-28,18.8,16.6,23.8,,,109,10.8,,1018.2,
2018-09-29,19.3,16.0,24.2,,,73,11.3,,1017.3,
2018-09-30,20.6,16.9,25.0,,,18,9.5,,1015.8,
2018-10-01,22.6,16.8,27.5,,,310,9.0,,1013.9,
2018-10-02,20.5,17.0,25.0,,,5,7.6,,1015.1,
2018-10-03,20.3,17.7,23.3,,,357,8.6,,1015.2,
2018-10-04,15.8,14.0,19.3,,,119,10.5,,1019.5,
2018-10-05,13.4,12.0,18.0,,,109,12.2,,1021.4,
2018-10-06,12.1,11.9,13.6,,,97,10.9,,1021.0,
2018-10-07,15.0,12.3,18.8,,,68,9.0,,1018.7,
2018-10-08,17.6,15.5,20.0,,,69,7.7,,1016.0,
2018-10-09,22.6,17.2,26.6,,,323,7.9,,1013.7,
2018-10-10,20.3,16.0,26.0,,,136,9.6,,1015.2,
2018-10-11,14.3,13.0,17.9,,,119,14.9,,1020.7,
2018-10-12,18.1,13.6,23.0,,,64,11.9,,1019.0,
2018-10-13,20.8,17.1,26.0,,,330,9.2,,1015.2,
2018-10-14,15.8,14.0,18.3,,,84,11.6,,1016.4,
2018-10-15,14.9,14.0,18.4,,,97,9.0,,1015.1,
2018-10-16,15.8,14.3,20.4,,,84,8.6,,1015.1,
2018-10-17,20.7,16.0,26.0,,,53,9.5,,1015.3,
2018-10-18,19.3,16.0,26.0,,,319,8.1,,1014.2,
2018-10-19,17.4,14.0,21.6,,,118,11.0,,1017.0,
2018-10-20,15.4,12.6,19.8,,,106,14.8,,1020.0,
2018-10-21,14.8,11.4,19.5,,,103,12.3,,1019.2,
2018-10-22,18.2,11.2,26.0,,,68,9.1,,1017.6,
2018-10-23,19.8,15.8,26.0,,,96,9.5,,1017.0,
2018-10-24,15.6,14.0,17.1,,,100,11.6,,1019.2,
2018-10-25,17.6,14.7,19.0,,,100,12.1,,1017.4,
2018-10-26,19.9,16.7,22.0,,,72,8.8,,1013.5,
2018-10-27,22.0,15.9,26.0,,,254,13.4,,1009.4,
2018-10-28,17.2,12.2,20.0,,,122,12.9,,1015.8,
2018-10-29,15.4,12.6,20.6,,,84,11.0,,1017.7,
2018-10-30,20.2,13.1,27.0,,,57,9.7,,1018.2,
2018-10-31,19.1,15.9,27.0,,,53,11.2,,1017.0,
2018-11-01,19.1,17.0,22.0,,,304,7.3,,1015.0,
2018-11-02,19.7,16.0,23.0,,,76,8.9,,1015.4,
2018-11-03,21.1,16.0,29.0,,,320,9.7,,1012.8,
2018-11-04,17.4,,,,,,,,,
2018-11-05,15.8,13.0,21.7,,,98,12.4,,1018.8,
2018-11-06,17.9,13.0,21.0,,,91,9.8,,1018.5,
2018-11-07,17.4,15.0,21.2,,,110,13.6,,1020.5,
2018-11-08,15.1,13.0,19.0,,,120,16.7,,1023.0,
2018-11-09,18.0,14.1,20.0,,,97,14.2,,1020.3,
2018-11-10,19.0,16.0,25.0,,,96,10.9,,1016.2,
2018-11-11,21.9,17.0,28.1,,,100,7.8,,1014.2,
2018-11-12,22.8,17.8,30.0,,,86,9.4,,1015.6,
2018-11-13,25.1,18.6,29.5,,,30,13.3,,1014.7,
2018-11-14,24.3,20.0,31.0,,,341,13.5,,1012.3,
2018-11-15,20.6,17.0,23.0,,,107,10.0,,1012.9,
2018-11-16,20.6,16.0,26.0,,,101,11.3,,1018.0,
2018-11-17,19.9,14.0,24.0,,,88,12.9,,1018.6,
2018-11-18,19.1,17.0,25.3,,,25,11.4,,1014.2,
2018-11-19,14.6,13.0,19.8,,,121,13.3,,1017.9,
2018-11-20,17.0,12.0,22.1,,,105,13.6,,1020.4,
2018-11-21,16.4,13.0,22.1,,,98,12.7,,1019.9,
2018-11-22,21.1,15.0,26.9,,,61,9.6,,1016.8,
2018-11-23,22.7,18.6,26.0,,,29,13.9,,1013.1,
2018-11-24,23.3,19.0,27.0,,,333,17.6,,1009.2,
2018-11-25,21.4,17.1,26.8,,,130,11.4,,1014.7,
2018-11-26,17.8,16.0,22.7,,,98,13.0,,1020.0,
2018-11-27,17.8,14.0,22.5,,,92,13.4,,1020.2,
2018-11-28,20.3,16.0,24.0,,,65,10.9,,1018.4,
2018-11-29,22.3,17.0,28.0,,,16,10.0,,1014.7,
2018-11-30,23.6,18.7,28.0,,,341,9.1,,1009.9,
2018-12-01,22.4,18.0,26.0,,,263,6.9,,1008.7,
2018-12-02,20.3,16.0,24.6,,,124,11.1,,1011.4,
2018-12-03,16.7,14.0,23.1,,,91,10.9,,1013.5,
2018-12-04,22.0,15.1,27.0,,,329,9.4,,1009.9,
2018-12-05,24.6,16.0,29.0,,,219,8.6,,1011.3,
2018-12-06,21.3,16.0,28.0,,,105,9.4,,1016.1,
2018-12-07,16.8,14.0,21.9,,,112,11.4,,1018.3,
2018-12-08,16.3,12.0,19.7,,,108,15.2,,1021.1,
2018-12-09,18.7,12.0,24.6,,,81,11.5,,1021.1,
2018-12-10,23.2,14.0,29.1,,,31,11.3,,1020.7,
2018-12-11,26.1,18.0,31.0,,,33,9.5,,1019.9,
2018-12-12,27.3,20.0,31.7,,,359,9.9,,1018.1,
2018-12-13,26.6,20.0,32.0,,,62,9.8,,1016.7,
2018-12-14,27.7,20.0,32.0,,,26,11.3,,1016.4,
2018-12-15,26.7,19.0,32.0,,,26,10.4,,1019.5,
2018-12-16,23.8,18.0,30.0,,,92,7.8,,1019.7,
2018-12-17,27.2,20.0,32.0,,,18,7.5,,1016.7,
2018-12-18,26.6,21.0,33.0,,,37,10.5,,1017.9,
2018-12-19,24.6,19.0,30.0,,,40,7.8,,1017.1,
2018-12-20,26.2,22.0,30.0,,,19,10.0,,1014.3,
2018-12-21,23.7,19.0,29.0,,,338,11.5,,1013.0,
2018-12-22,24.4,19.6,30.0,,,297,8.3,,1013.1,
2018-12-23,23.3,20.0,28.0,,,337,9.0,,1014.1,
2018-12-24,20.6,18.0,25.1,,,112,10.2,,1016.3,
2018-12-25,20.2,18.0,24.4,,,99,10.4,,1016.9,
2018-12-26,21.8,17.0,26.0,,,79,10.3,,1015.7,
2018-12-27,21.3,18.0,26.8,,,96,8.3,,1014.2,
2018-12-28,24.3,18.3,28.0,,,91,8.9,,1013.4,
2018-12-29,24.2,18.0,29.0,,,80,8.2,,1012.8,
2018-12-30,24.3,19.0,29.0,,,77,6.6,,1013.1,
2018-12-31,24.2,20.0,29.4,,,105,9.0,,1013.8,
2019-01-01,24.8,18.0,30.0,,,88,9.2,,1016.6,
2019-01-02,26.7,20.0,31.0,,,10,9.2,,1016.3,
2019-01-03,27.4,22.0,31.0,,,311,12.5,,1013.4,
2019-01-04,24.2,21.0,28.0,,,259,9.6,,1014.1,
2019-01-05,20.8,19.0,24.1,,,126,11.1,,1016.2,
2019-01-06,21.3,18.0,25.0,,,63,8.4,,1016.2,
2019-01-07,24.2,20.0,29.0,,,344,14.5,,1014.4,
2019-01-08,24.3,18.0,30.0,,,340,9.3,,1016.6,
2019-01-09,25.8,19.0,29.0,,,54,8.3,,1016.7,
2019-01-10,24.8,21.0,31.0,,,49,9.0,,1015.8,
2019-01-11,23.3,18.0,31.0,,,70,8.9,,1017.6,
2019-01-12,21.8,19.0,26.9,,,101,7.0,,1018.9,
2019-01-13,24.3,19.0,29.0,,,71,8.4,,1018.4,
2019-01-14,23.4,19.0,29.0,,,36,7.8,,1017.7,
2019-01-15,25.4,20.0,30.0,,,324,8.0,,1016.7,
2019-01-16,24.4,19.0,30.0,,,325,10.8,,1017.1,
2019-01-17,24.7,21.0,30.3,,,332,6.4,,1017.2,
2019-01-18,24.4,19.0,29.0,,,350,8.4,,1017.3,
2019-01-19,25.3,20.0,29.0,,,298,8.4,,1015.3,
2019-01-20,20.3,18.0,24.1,,,118,8.6,,1017.0,
2019-01-21,24.9,19.7,30.0,,,316,9.8,,1016.9,
2019-01-22,24.4,21.0,28.9,,,84,8.2,,1018.6,
2019-01-23,25.3,21.3,29.8,,,72,7.5,,1018.3,
2019-01-24,23.6,21.0,27.0,,,93,10.6,,1017.8,
2019-01-25,22.4,18.0,26.6,,,109,12.6,,1018.3,
2019-01-26,22.9,18.0,27.7,,,96,10.5,,1017.7,
2019-01-27,24.1,18.0,28.0,,,43,9.9,,1018.1,
2019-01-28,26.6,19.0,30.0,,,29,9.6,,1019.6,
2019-01-29,28.2,21.0,33.0,,,56,8.0,,1018.9,
2019-01-30,28.6,21.0,33.8,,,347,7.8,,1017.9,
2019-01-31,25.8,20.0,32.0,,,346,8.0,,1017.0,
2019-02-01,27.3,20.0,32.0,,,70,9.6,,1016.9,
2019-02-02,26.4,20.0,33.0,,,94,11.4,,1017.3,
2019-02-03,21.6,19.0,25.0,,,127,11.2,,1017.7,
2019-02-04,17.6,16.0,19.2,,,128,13.0,,1019.6,
2019-02-05,17.4,16.0,21.5,,,120,10.6,,1019.1,
2019-02-06,19.1,16.0,22.0,,,99,9.8,,1017.2,
2019-02-07,20.9,16.0,27.0,,,96,7.0,,1014.5,
2019-02-08,23.3,18.0,28.7,,,38,7.1,,1013.9,
2019-02-09,25.8,19.0,30.0,,,54,7.6,,1014.9,
2019-02-10,26.7,19.0,31.0,,,28,10.5,,1014.1,
2019-02-11,24.4,21.0,30.0,,,352,10.8,,1014.0,
2019-02-12,23.6,20.0,27.0,,,299,7.8,,1016.1,
2019-02-13,17.4,17.0,22.3,,,129,14.7,,1018.8,
2019-02-14,19.4,17.0,24.0,,,89,10.5,,1018.8,
2019-02-15,16.4,16.0,19.8,,,92,8.9,,1013.5,
2019-02-16,18.2,16.0,20.0,,,120,12.9,,1013.0,
2019-02-17,19.9,17.0,24.0,,,144,10.2,,1013.7,
2019-02-18,23.3,17.0,28.0,,,102,7.8,,1014.3,
2019-02-19,21.9,19.0,26.0,,,333,10.0,,1013.0,
2019-02-20,22.5,18.0,25.5,,,296,7.0,,1013.8,
2019-02-21,20.4,18.0,25.0,,,108,7.3,,1016.4,
2019-02-22,22.8,18.0,27.0,,,35,8.2,,1017.5,
2019-02-23,26.6,20.0,30.0,,,328,15.2,,1015.2,
2019-02-24,26.1,21.1,31.0,,,312,11.0,,1012.5,
2019-02-25,23.4,18.0,29.0,,,310,14.2,,1011.6,
2019-02-26,19.4,17.0,21.6,,,280,7.0,,1013.7,
2019-02-27,17.8,17.0,20.3,,,134,9.6,,1016.2,
2019-02-28,19.3,16.9,24.2,,,136,6.2,,1016.6,
2019-03-01,20.4,18.0,23.0,,,81,7.3,,1017.1,
2019-03-02,22.8,18.0,27.4,,,60,7.7,,1016.8,
2019-03-03,22.4,16.0,27.1,,,102,9.2,,1017.6,
2019-03-04,23.3,18.0,28.0,,,71,9.8,,1017.5,
2019-03-05,24.6,19.6,29.0,,,51,7.9,,1018.5,
2019-03-06,24.2,20.0,29.0,,,70,8.3,,1018.1,
2019-03-07,22.3,18.0,26.0,,,353,9.0,,1017.9,
2019-03-08,23.7,19.0,28.0,,,330,10.0,,1017.0,
2019-03-09,24.3,20.0,28.0,,,294,7.4,,1017.2,
2019-03-10,20.1,18.0,21.0,,,142,13.6,,1019.5,
2019-03-11,18.4,16.0,21.9,,,114,12.1,,1019.8,
2019-03-12,21.9,16.9,27.0,,,80,8.3,,1017.5,
2019-03-13,20.2,19.0,27.0,,,330,9.1,,1014.6,
2019-03-14,23.1,18.0,27.0,,,276,9.1,,1015.4,
2019-03-15,22.4,19.3,25.0,,,,7.6,,1016.6,
2019-03-16,20.6,19.0,23.0,,,106,11.2,,1018.2,
2019-03-17,20.8,18.6,23.7,,,83,9.6,,1016.9,
2019-03-18,22.6,19.5,27.0,,,332,10.4,,1013.9,
2019-03-19,23.2,19.6,27.0,,,276,7.8,,1012.5,
2019-03-20,20.0,18.0,25.1,,,101,9.3,,1014.3,
2019-03-21,16.7,15.0,20.0,,,133,14.9,,1017.6,
2019-03-22,17.4,15.0,20.0,,,107,11.5,,1020.1,
2019-03-23,21.0,14.0,26.0,,,79,7.8,,1019.5,
2019-03-24,22.2,16.0,27.0,,,330,6.2,,1018.5,
2019-03-25,24.6,18.0,29.0,,,328,7.3,,1016.3,
2019-03-26,19.5,18.0,25.1,,,104,10.5,,1018.7,
2019-03-27,18.2,17.0,21.5,,,126,11.5,,1022.6,
2019-03-28,17.6,16.0,22.2,,,128,10.9,,1025.0,
2019-03-29,18.3,16.0,21.0,,,103,12.5,,1024.5,
2019-03-30,20.2,14.0,25.0,,,74,7.5,,1022.0,
2019-03-31,20.7,15.0,26.1,,,78,6.3,,1018.9,
2019-04-01,20.8,17.0,26.9,,,97,8.5,,1017.8,
2019-04-02,22.2,15.0,27.0,,,,6.3,,1017.4,
2019-04-03,23.5,17.0,26.0,,,354,4.5,,1015.4,
2019-04-04,24.7,19.0,27.0,,,348,8.5,,1012.5,
2019-04-05,24.3,20.0,28.0,,,329,11.6,,1012.3,
2019-04-06,20.3,18.0,22.5,,,84,9.1,,1016.8,
2019-04-07,20.6,18.0,24.5,,,45,8.1,,1017.2,
2019-04-08,17.6,16.0,19.6,,,144,12.0,,1017.9,
2019-04-09,15.8,14.0,18.0,,,137,11.7,,1020.3,
2019-04-10,18.5,14.0,22.0,,,104,9.7,,1020.3,
2019-04-11,20.4,14.8,25.0,,,128,5.5,,1019.1,
2019-04-12,20.9,15.0,26.0,,,74,4.8,,1017.9,
2019-04-13,20.8,15.0,26.2,,,77,6.2,,1017.1,
2019-04-14,20.9,17.0,25.0,,,91,5.4,,1017.9,
2019-04-15,21.7,16.0,26.0,,,101,8.3,,1018.3,
2019-04-16,20.8,17.7,25.0,,,111,7.2,,1017.3,
2019-04-17,20.5,16.2,24.0,,,223,8.3,,1014.9,
2019-04-18,20.4,12.0,26.0,,,184,5.5,,1015.5,
2019-04-19,21.6,14.9,27.0,,,235,5.2,,1016.7,
2019-04-20,22.7,16.0,26.0,,,285,6.5,,1015.8,
2019-04-21,20.3,18.0,25.4,,,310,8.3,,1015.0,
2019-04-22,19.6,17.0,21.0,,,90,7.7,,1016.4,
2019-04-23,19.2,17.5,21.0,,,133,10.5,,1020.5,
2019-04-24,20.9,17.5,24.0,,,92,8.0,,1022.1,
2019-04-25,21.7,17.0,26.0,,,100,6.3,,1021.4,
2019-04-26,21.9,18.0,25.0,,,37,6.5,,1020.5,
2019-04-27,22.9,19.4,26.0,,,340,9.1,,1016.5,
2019-04-28,17.9,16.0,21.8,,,296,7.2,,1013.3,
2019-04-29,18.6,14.0,23.0,,,141,5.3,,1016.1,
2019-04-30,19.3,15.4,23.0,,,21,7.4,,1018.6,
2019-05-01,18.9,16.0,22.0,,,345,4.4,,1017.8,
2019-05-02,21.2,16.6,25.3,,,,5.1,,1015.8,
2019-05-03,22.9,17.0,27.0,,,,7.2,,1017.3,
2019-05-04,23.8,18.0,29.0,,,,4.1,,1019.5,
2019-05-05,23.0,18.0,27.0,,,51,6.8,,1020.4,
2019-05-06,23.9,19.0,28.0,,,283,5.4,,1018.6,
2019-05-07,19.1,17.0,21.4,,,,8.2,,1019.8,
2019-05-08,17.4,15.5,20.0,,,85,9.6,,1021.8,
2019-05-09,17.8,15.0,20.1,,,65,7.1,,1019.4,
2019-05-10,20.3,16.0,24.0,,,17,7.8,,1016.0,
2019-05-11,20.9,18.7,23.0,,,346,7.5,,1015.2,
2019-05-12,19.4,17.0,22.0,,,57,8.5,,1018.3,
2019-05-13,19.4,16.9,22.0,,,39,7.3,,1020.8,
2019-05-14,16.8,14.0,19.0,,,212,9.3,,1019.8,
2019-05-15,14.6,12.6,16.0,,,149,16.5,,1022.4,
2019-05-16,15.7,12.8,18.2,,,135,15.1,,1024.7,
2019-05-17,14.4,13.0,15.0,,,122,11.5,,1024.3,
2019-05-18,15.1,13.7,16.0,,,123,9.5,,1022.2,
2019-05-19,16.8,13.8,19.0,,,163,7.9,,1019.7,
2019-05-20,18.4,13.7,21.6,,,,3.9,,1018.8,
2019-05-21,18.6,13.0,22.0,,,,5.5,,1018.2,
2019-05-22,19.9,13.0,24.0,,,325,4.9,,1017.5,
2019-05-23,16.8,15.0,17.1,,,331,5.7,,1016.3,
2019-05-24,16.1,11.0,19.0,,,314,11.1,,1012.7,
2019-05-25,14.0,9.0,17.0,,,257,7.3,,1018.0,
2019-05-26,15.1,9.0,19.0,,,26,7.3,,1019.9,
2019-05-27,18.3,9.0,25.0,,,347,5.4,,1017.9,
2019-05-28,16.2,15.0,19.4,,,318,8.9,,1015.9,
2019-05-29,17.4,15.1,19.0,,,48,6.6,,1019.0,
2019-05-30,17.4,15.5,20.0,,,,6.8,,1016.5,
2019-05-31,17.6,16.0,19.0,,,,6.1,,1013.2,
2019-06-01,16.9,15.0,18.0,,,81,6.2,,1016.0,
2019-06-02,16.2,14.7,18.0,,,127,9.1,,1019.3,
2019-06-03,16.3,13.9,19.0,,,161,7.1,,1021.5,
2019-06-04,13.0,9.0,16.0,,,,8.6,,1026.7,
2019-06-05,12.3,8.0,16.0,,,,7.4,,1027.7,
2019-06-06,15.0,11.0,19.0,,,,7.8,,1024.7,
2019-06-07,16.5,10.0,22.0,,,325,6.7,,1022.0,
2019-06-08,17.0,9.0,22.0,,,,3.7,,1022.6,
2019-06-09,16.3,10.0,21.0,,,,5.4,,1025.1,
2019-06-10,16.2,11.0,20.0,,,,8.3,,1024.8,
2019-06-11,16.7,11.0,21.0,,,,4.7,,1023.0,
2019-06-12,18.2,12.0,23.0,,,,5.8,,1022.9,
2019-06-13,19.3,11.0,25.0,,,,5.4,,1023.3,
2019-06-14,20.1,13.0,26.0,,,,5.6,,1023.6,
2019-06-15,20.9,15.6,24.0,,,,5.4,,1024.0,
2019-06-16,19.6,12.0,24.0,,,,3.1,,1024.9,
2019-06-17,17.3,11.0,21.0,,,,6.0,,1024.8,
2019-06-18,17.2,13.2,20.1,,,,4.7,,1022.7,
2019-06-19,19.5,12.5,24.0,,,,5.9,,1021.4,
2019-06-20,17.6,13.0,23.0,,,,6.2,,1024.4,
2019-06-21,15.3,13.6,20.2,,,,6.0,,1028.0,
2019-06-22,15.7,12.0,20.0,,,,4.6,,1028.5,
2019-06-23,17.2,9.0,22.0,,,,5.6,,1023.9,
2019-06-24,18.2,11.0,22.0,,,,6.5,,1018.9,
2019-06-25,19.3,12.0,23.0,,,332,11.6,,1015.0,
2019-06-26,15.2,13.8,17.0,,,,7.0,,1015.8,
2019-06-27,16.0,13.0,19.0,,,,7.3,,1020.7,
2019-06-28,19.4,14.0,24.0,,,,7.5,,1021.4,
2019-06-29,20.6,14.0,25.0,,,355,9.9,,1019.9,
2019-06-30,21.4,14.0,25.0,,,331,10.4,,1018.5,
2019-07-01,20.7,14.0,25.0,,,327,10.8,,1016.7,
2019-07-02,19.4,14.0,23.0,,,343,12.4,,1012.3,
2019-07-03,18.8,14.1,21.0,,,285,16.5,,1010.1,
2019-07-04,13.9,10.4,16.0,,,99,9.3,,1014.6,
2019-07-05,10.9,5.0,13.0,,,205,13.4,,1019.5,
2019-07-06,7.1,0.0,12.0,,,217,7.9,,1025.9,
2019-07-07,8.1,1.0,13.0,,,123,6.0,,1028.4,
2019-07-08,11.6,4.0,18.0,,,,6.0,,1028.1,
2019-07-09,12.8,4.0,20.0,,,,5.4,,1026.9,
2019-07-10,14.9,7.0,21.0,,,,3.8,,1024.4,
2019-07-11,16.6,7.0,22.0,,,,4.2,,1021.2,
2019-07-12,17.0,8.0,22.0,,,,4.4,,1020.1,
2019-07-13,18.9,10.0,24.0,,,,5.2,,1019.6,
2019-07-14,20.2,11.0,26.0,,,309,6.3,,1017.6,
2019-07-15,15.6,13.6,16.0,,,320,6.6,,1017.8,
2019-07-16,12.4,7.0,15.0,,,,10.2,,1021.7,
2019-07-17,10.4,3.0,14.0,,,,8.4,,1027.8,
2019-07-18,13.3,9.0,16.0,,,68,8.6,,1028.0,
2019-07-19,15.1,10.0,19.0,,,,7.3,,1026.1,
2019-07-20,17.2,11.9,22.0,,,,7.4,,1024.2,
2019-07-21,17.1,11.0,21.0,,,,9.5,,1022.2,
2019-07-22,18.9,12.0,23.0,,,355,9.8,,1021.8,
2019-07-23,19.9,13.0,24.0,,,,7.8,,1022.6,
2019-07-24,20.1,11.0,24.0,,,307,6.7,,1022.5,
2019-07-25,17.5,14.4,20.0,,,87,9.1,,1024.0,
2019-07-26,18.9,12.0,24.0,,,30,9.1,,1024.5,
2019-07-27,19.3,14.0,25.0,,,52,8.3,,1024.8,
2019-07-28,14.3,12.0,17.0,,,81,10.0,,1026.4,
2019-07-29,17.0,12.4,21.0,,,,7.0,,1024.0,
2019-07-30,15.3,12.0,21.6,,,,5.0,,1020.9,
2019-07-31,16.7,9.0,23.0,,,,5.5,,1020.3,
2019-08-01,19.5,12.0,25.0,,,,10.5,,1017.4,
2019-08-02,17.4,8.0,24.0,,,277,10.9,,1018.0,
2019-08-03,10.8,4.0,16.0,,,199,8.9,,1025.2,
2019-08-04,7.7,3.0,10.1,,,119,11.4,,1030.6,
2019-08-05,11.1,5.7,14.0,,,91,10.5,,1032.5,
2019-08-06,16.7,11.0,22.0,,,,10.1,,1028.7,
2019-08-07,18.7,13.0,23.0,,,,9.8,,1026.7,
2019-08-08,20.3,12.0,25.0,,,,5.7,,1025.4,
2019-08-09,21.1,14.0,26.0,,,355,8.9,,1022.0,
2019-08-10,22.9,15.5,26.0,,,310,14.3,,1020.1,
2019-08-11,16.3,13.0,20.0,,,69,11.5,,1023.0,
2019-08-12,21.2,11.0,27.0,,,,12.9,,1020.4,
2019-08-13,14.9,10.0,18.9,,,131,10.0,,1023.1,
2019-08-14,8.2,6.0,10.8,,,113,14.1,,1030.4,
2019-08-15,12.1,7.4,16.0,,,,11.7,,1030.6,
2019-08-16,17.1,10.0,23.0,,,,6.7,,1025.9,
2019-08-17,19.6,9.0,26.2,,,348,10.6,,1019.7,
2019-08-18,21.6,14.0,26.0,,,346,13.1,,1017.3,
2019-08-19,9.2,8.0,14.7,,,95,11.1,,1021.4,
2019-08-20,10.2,8.0,12.0,,,,8.4,,1025.2,
2019-08-21,11.7,9.0,16.2,,,,5.4,,1025.8,
2019-08-22,11.2,7.0,13.0,,,83,10.5,,1026.7,
2019-08-23,12.5,9.0,16.0,,,,6.2,,1024.6,
2019-08-24,11.7,9.0,15.5,,,,8.2,,1026.3,
2019-08-25,12.7,9.5,15.0,,,,12.3,,1028.3,
2019-08-26,14.3,9.0,18.5,,,74,9.2,,1026.2,
2019-08-27,15.4,12.0,21.0,,,91,7.4,,1025.8,
2019-08-28,15.2,13.0,18.0,,,85,9.4,,1025.3,
2019-08-29,16.7,11.0,23.0,,,,5.7,,1021.9,
2019-08-30,20.7,10.0,27.0,,,,7.4,,1017.8,
2019-08-31,19.7,14.0,29.2,,,,12.3,,1015.3,
2019-09-01,12.4,10.0,16.7,,,,10.1,,1016.5,
2019-09-02,11.4,10.0,13.1,,,84,9.1,,1018.0,
2019-09-03,14.8,11.0,19.0,,,,6.1,,1019.0,
2019-09-04,12.0,10.0,13.6,,,100,8.4,,1023.7,
2019-09-05,8.2,7.0,11.8,,,105,12.3,,1028.3,
2019-09-06,11.1,8.8,13.7,,,82,10.2,,1026.8,
2019-09-07,18.9,10.0,25.0,,,20,9.7,,1022.7,
2019-09-08,22.6,15.0,29.8,,,12,9.6,,1021.6,
2019-09-09,24.3,17.0,30.4,,,9,13.6,,1018.5,
2019-09-10,25.3,18.0,30.0,,,,10.6,,1017.7,
2019-09-11,24.1,15.0,29.0,,,10,12.0,,1016.0,
2019-09-12,24.8,18.0,30.0,,,308,7.7,,1015.7,
2019-09-13,13.6,12.0,18.7,,,109,12.2,,1022.0,
2019-09-14,14.3,12.0,17.3,,,80,11.6,,1022.3,
2019-09-15,19.2,13.0,27.0,,,,9.1,,1019.6,
2019-09-16,23.9,15.0,31.5,,,2,12.3,,1017.3,
2019-09-17,24.9,15.0,32.0,,,7,13.5,,1013.0,
2019-09-18,19.2,13.0,26.0,,,338,8.6,,1010.8,
2019-09-19,14.3,13.0,19.9,,,,11.6,,1011.8,
2019-09-20,13.8,9.0,21.5,,,,8.6,,1014.5,
2019-09-21,8.1,7.0,14.0,,,124,10.4,,1021.0,
2019-09-22,8.8,6.0,18.7,,,136,11.2,,1025.4,
2019-09-23,9.6,7.0,14.2,,,108,15.7,,1028.7,
2019-09-24,12.6,10.0,17.0,,,101,9.5,,1024.7,
2019-09-25,14.6,12.0,19.0,,,111,8.6,,1021.9,
2019-09-26,18.0,12.6,23.0,,,157,6.6,,1020.6,
2019-09-27,16.1,10.0,22.2,,,137,11.2,,1021.2,
2019-09-28,14.6,11.9,21.6,,,101,10.0,,1022.2,
2019-09-29,18.2,12.0,25.0,,,,7.0,,1018.7,
2019-09-30,18.8,14.9,24.0,,,65,9.1,,1017.9,
2019-10-01,22.3,14.0,29.0,,,34,9.4,,1016.4,
2019-10-02,25.8,16.6,33.0,,,3,7.5,,1015.2,
2019-10-03,21.6,16.0,25.3,,,116,11.0,,1019.1,
2019-10-04,21.7,14.8,29.0,,,,7.3,,1018.5,
2019-10-05,23.4,16.0,31.0,,,36,12.6,,1015.4,
2019-10-06,14.2,13.0,19.0,,,142,11.0,,1018.7,
2019-10-07,15.6,12.7,17.0,,,96,7.0,,1019.9,
2019-10-08,18.1,13.0,22.0,,,,5.9,,1019.9,
2019-10-09,19.3,14.1,23.0,,,101,8.2,,1020.9,
2019-10-10,19.9,11.0,27.0,,,,8.0,,1020.1,
2019-10-11,24.0,15.4,30.0,,,29,7.1,,1018.8,
2019-10-12,27.3,18.4,32.0,,,7,7.6,,1017.0,
2019-10-13,28.4,19.7,33.0,,,6,8.2,,1015.1,
2019-10-14,23.6,17.4,29.0,,,111,10.3,,1017.3,
2019-10-15,15.2,14.0,16.5,,,136,14.1,,1022.7,
2019-10-16,18.4,14.0,21.0,,,119,10.9,,1022.2,
2019-10-17,20.4,16.9,24.0,,,84,9.3,,1019.6,
2019-10-18,23.8,17.4,29.0,,,354,6.7,,1017.7,
2019-10-19,20.3,15.0,23.0,,,124,8.9,,1018.8,
2019-10-20,15.4,13.0,20.0,,,113,9.7,,1018.1,
2019-10-21,13.7,12.0,18.3,,,28,7.3,,1014.4,
2019-10-22,18.9,15.0,24.0,,,168,9.1,,1014.4,
2019-10-23,17.9,14.3,21.0,,,101,8.0,,1018.3,
2019-10-24,22.3,15.4,27.0,,,32,6.4,,1017.5,
2019-10-25,23.0,16.3,29.0,,,71,11.3,,1017.8,
2019-10-26,20.6,17.1,26.2,,,85,10.3,,1018.7,
2019-10-27,25.9,16.0,31.0,,,29,14.0,,1016.2,
2019-10-28,21.8,17.0,27.4,,,,8.3,,1014.5,
2019-10-29,26.4,19.0,31.0,,,338,11.5,,1013.6,
2019-10-30,24.8,19.0,33.1,,,7,7.3,,1014.5,
2019-10-31,22.0,17.0,25.0,,,139,11.0,,1018.0,
2019-11-01,20.4,18.0,23.0,,,107,11.9,,1020.4,
2019-11-02,23.1,18.0,27.0,,,56,8.9,,1017.6,
2019-11-03,25.2,19.0,31.0,,,13,9.6,,1013.3,
2019-11-04,23.8,18.0,31.0,,,,9.4,,1011.4,
2019-11-05,21.8,19.0,28.0,,,337,8.3,,1013.1,
2019-11-06,17.7,14.0,20.8,,,110,9.7,,1018.7,
2019-11-07,17.9,16.0,24.0,,,65,8.0,,1016.3,
2019-11-08,20.2,16.0,23.0,,,100,7.7,,1015.4,
2019-11-09,21.1,17.6,24.2,,,95,9.3,,1016.2,
2019-11-10,19.6,17.0,24.3,,,85,6.5,,1016.6,
2019-11-11,18.8,16.0,22.0,,,122,11.7,,1018.8,
2019-11-12,17.2,15.6,23.5,,,111,11.5,,1019.8,
2019-11-13,18.4,15.9,22.2,,,88,10.3,,1017.0,
2019-11-14,19.9,17.0,22.0,,,,8.2,,1011.1,
2019-11-15,21.8,16.0,26.0,,,184,9.7,,1010.8,
2019-11-16,20.1,15.4,25.0,,,110,8.6,,1012.7,
2019-11-17,19.8,15.0,23.6,,,105,9.3,,1014.9,
2019-11-18,19.2,15.0,27.6,,,105,8.7,,1018.0,
2019-11-19,20.8,15.4,26.4,,,100,9.4,,1018.8,
2019-11-20,20.8,17.0,28.6,,,99,10.2,,1019.1,
2019-11-21,21.7,17.6,29.4,,,82,9.7,,1017.4,
2019-11-22,25.2,18.2,30.0,,,,7.5,,1013.9,
2019-11-23,20.6,16.0,25.5,,,94,12.2,,1013.7,
2019-11-24,14.8,13.0,16.5,,,111,13.6,,1018.5,
2019-11-25,17.1,13.5,21.0,,,90,11.4,,1017.6,
2019-11-26,17.7,14.0,25.1,,,62,9.8,,1016.0,
2019-11-27,18.9,17.0,22.2,,,338,6.2,,1012.2,
2019-11-28,16.2,14.0,19.5,,,127,11.5,,1015.4,
2019-11-29,19.7,13.8,26.5,,,92,9.9,,1016.2,
2019-11-30,23.5,15.0,30.0,,,69,6.5,,1014.5,
2019-12-01,23.9,16.0,31.0,,,95,9.0,,1014.4,
2019-12-02,16.8,14.0,21.6,,,103,9.8,,1016.6,
2019-12-03,17.0,14.0,21.0,,,85,10.3,,1016.1,
2019-12-04,18.2,15.0,24.7,,,54,8.3,,1014.8,
2019-12-05,21.0,18.0,25.0,,,334,10.0,,1011.1,
2019-12-06,19.8,16.7,27.5,,,102,8.2,,1012.6,
2019-12-07,21.3,16.0,25.0,,,106,8.8,,1015.5,
2019-12-08,19.5,15.0,22.0,,,82,8.3,,1017.0,
2019-12-09,17.3,15.0,20.0,,,120,7.8,,1016.1,
2019-12-10,21.4,16.8,26.0,,,96,6.4,,1015.1,
2019-12-11,21.4,18.4,26.0,,,74,7.8,,1013.2,
2019-12-12,24.3,17.0,29.0,,,306,7.9,,1011.5,
2019-12-13,20.3,17.0,24.0,,,118,13.0,,1016.2,
2019-12-14,19.9,16.8,23.0,,,88,10.2,,1021.1,
2019-12-15,22.2,18.8,27.3,,,360,13.2,,1017.5,
2019-12-16,20.3,19.0,24.9,,,326,10.4,,1013.6,
2019-12-17,20.0,17.9,22.0,,,,7.7,,1013.5,
2019-12-18,16.3,15.0,18.9,,,131,13.0,,1017.5,
2019-12-19,18.6,16.0,20.0,,,92,8.2,,1019.1,
2019-12-20,23.1,18.0,28.0,,,15,7.9,,1016.3,
2019-12-21,23.3,19.0,26.0,,,324,16.6,,1012.4,
2019-12-22,24.7,19.0,28.0,,,282,9.1,,1013.2,
2019-12-23,21.9,18.0,27.0,,,136,9.7,,1015.5,
2019-12-24,22.3,16.9,27.0,,,59,10.7,,1016.2,
2019-12-25,24.5,18.2,29.0,,,31,8.9,,1016.5,
2019-12-26,24.9,18.9,29.0,,,90,9.3,,1018.3,
2019-12-27,23.1,18.2,27.0,,,100,10.4,,1019.7,
2019-12-28,23.7,18.0,29.0,,,86,10.3,,1018.7,
2019-12-29,24.0,19.0,29.0,,,97,10.1,,1016.7,
2019-12-30,24.0,18.0,29.0,,,89,9.7,,1014.4,
2019-12-31,26.2,19.6,31.0,,,47,7.5,,1012.6,
2020-01-01,26.4,21.0,33.0,,,321,10.0,,1010.0,
2020-01-02,21.8,18.0,26.5,,,157,10.4,,1010.9,
2020-01-03,19.8,17.0,23.0,,,141,17.7,,1015.1,
2020-01-04,18.8,17.0,23.0,,,141,10.6,,1013.8,
2020-01-05,21.3,17.0,25.0,,,97,7.7,,1011.3,
2020-01-06,24.8,19.0,29.0,,,317,8.8,,1011.2,
2020-01-07,24.3,21.0,29.1,,,343,9.3,,1011.9,
2020-01-08,23.9,20.8,28.0,,,22,10.0,,1013.4,
2020-01-09,24.5,21.0,31.0,,,0,10.1,,1014.5,
2020-01-10,24.6,21.0,30.0,,,,6.9,,1013.7,
2020-01-11,24.1,21.0,30.0,,,304,6.1,,1013.5,
2020-01-12,23.3,20.0,28.0,,,120,8.8,,1016.2,
2020-01-13,22.2,18.0,26.0,,,111,9.9,,1017.6,
2020-01-14,21.9,17.0,25.0,,,83,10.0,,1018.2,
2020-01-15,23.8,18.0,29.0,,,347,7.1,,1015.5,
2020-01-16,24.1,19.0,29.0,,,320,9.0,,1016.4,
2020-01-17,17.1,16.0,20.7,,,108,12.5,,1021.9,
2020-01-18,18.1,16.0,20.0,,,101,10.1,,1022.2,
2020-01-19,20.2,16.0,25.0,,,99,9.8,,1019.4,
2020-01-20,21.8,18.0,25.0,,,92,11.1,,1016.5,
2020-01-21,20.9,17.0,24.0,,,85,10.4,,1013.9,
2020-01-22,18.1,16.0,20.3,,,97,12.9,,1013.4,
2020-01-23,18.4,16.6,20.0,,,132,12.9,,1012.2,
2020-01-24,19.1,15.9,22.0,,,142,18.2,,1011.3,
2020-01-25,22.7,15.5,27.0,,,211,6.6,,1012.7,
2020-01-26,25.7,18.0,30.0,,,2,6.9,,1013.5,
2020-01-27,26.7,20.1,31.0,,,1,7.8,,1013.8,
2020-01-28,22.7,20.0,27.0,,,97,11.2,,1015.0,
2020-01-29,24.4,19.0,29.0,,,19,9.8,,1015.5,
2020-01-30,23.6,20.7,28.0,,,333,9.5,,1014.7,
2020-01-31,25.1,20.1,29.0,,,291,12.2,,1014.7,
2020-02-01,24.1,20.0,28.0,,,133,10.6,,1016.6,
2020-02-02,19.8,19.0,21.0,,,98,7.6,,1018.1,
2020-02-03,19.7,17.0,22.0,,,117,12.9,,1018.7,
2020-02-04,19.9,17.6,22.0,,,109,11.1,,1018.6,
2020-02-05,21.3,18.3,23.0,,,130,10.5,,1017.6,
2020-02-06,22.3,19.0,27.0,,,127,8.2,,1017.2,
2020-02-07,21.5,19.0,24.0,,,109,13.3,,1016.3,
2020-02-08,23.5,19.4,27.0,,,26,10.4,,1015.1,
2020-02-09,24.3,17.0,29.0,,,341,13.9,,1014.2,
2020-02-10,17.8,16.0,20.7,,,125,13.1,,1018.1,
2020-02-11,17.6,15.0,20.0,,,114,11.3,,1019.8,
2020-02-12,18.9,15.1,22.0,,,96,12.6,,1019.4,
2020-02-13,19.6,15.4,24.0,,,115,11.0,,1019.3,
2020-02-14,21.6,16.0,27.0,,,73,7.0,,1017.7,
2020-02-15,23.8,17.0,28.0,,,0,6.9,,1016.0,
2020-02-16,25.4,20.0,30.0,,,41,7.2,,1015.7,
2020-02-17,26.4,19.0,32.0,,,48,7.4,,1015.3,
2020-02-18,26.8,21.5,32.0,,,338,11.3,,1014.7,
2020-02-19,23.9,21.0,27.0,,,343,8.5,,1013.3,
2020-02-20,25.7,21.3,31.0,,,323,9.6,,1013.2,
2020-02-21,22.2,18.0,26.0,,,93,13.2,,1015.1,
2020-02-22,16.9,15.0,19.0,,,103,9.3,,1018.8,
2020-02-23,18.1,14.0,21.0,,,93,12.0,,1020.6,
2020-02-24,19.9,16.0,24.0,,,47,9.8,,1017.8,
2020-02-25,20.9,19.0,23.3,,,0,6.8,,1014.6,
2020-02-26,20.6,16.0,22.0,,,317,9.7,,1010.8,
2020-02-27,18.1,13.0,21.0,,,123,9.9,,1016.4,
2020-02-28,18.8,12.0,24.0,,,95,8.0,,1019.7,
2020-02-29,18.4,15.0,21.0,,,115,9.4,,1021.0,
2020-03-01,17.7,15.3,21.6,,,128,15.0,,1022.1,
2020-03-02,18.1,15.6,21.0,,,126,13.6,,1021.8,
2020-03-03,17.8,15.0,20.0,,,133,11.6,,1019.6,
2020-03-04,19.8,13.0,25.0,,,125,8.4,,1017.9,
2020-03-05,19.1,15.0,22.0,,,113,9.8,,1019.9,
2020-03-06,19.6,14.0,25.0,,,111,7.9,,1019.5,
2020-03-07,19.7,14.0,24.0,,,86,7.4,,1017.4,
2020-03-08,20.5,14.0,25.0,,,64,8.6,,1017.8,
2020-03-09,21.8,15.0,27.0,,,,7.4,,1019.5,
2020-03-10,22.1,15.0,28.0,,,85,7.3,,1019.5,
2020-03-11,23.0,16.0,28.0,,,85,9.4,,1018.4,
2020-03-12,22.9,16.0,29.0,,,76,7.6,,1018.6,
2020-03-13,25.2,17.0,30.0,,,,7.5,,1019.3,
2020-03-14,24.9,16.0,29.0,,,,7.1,,1019.4,
2020-03-15,25.7,19.0,31.0,,,5,7.1,,1017.1,
2020-03-16,26.2,20.8,30.0,,,,9.7,,1015.2,
2020-03-17,22.3,19.0,27.0,,,65,8.4,,1017.3,
2020-03-18,23.1,19.0,27.0,,,,6.7,,1016.5,
2020-03-19,24.4,19.0,27.0,,,,7.1,,1012.0,
2020-03-20,22.6,18.0,29.4,,,,10.1,,1011.1,
2020-03-21,19.6,17.0,23.0,,,88,11.4,,1015.6,
2020-03-22,20.4,15.0,24.0,,,94,9.7,,1020.0,
2020-03-23,19.3,14.0,23.0,,,114,10.5,,1022.3,
2020-03-24,18.9,15.8,24.1,,,101,11.1,,1021.6,
2020-03-25,19.6,15.7,24.0,,,83,9.6,,1019.3,
2020-03-26,21.1,15.0,26.0,,,76,7.7,,1018.7,
2020-03-27,19.8,14.0,24.0,,,74,9.6,,1018.6,
2020-03-28,21.0,16.0,25.0,,,63,7.8,,1019.4,
2020-03-29,20.7,17.0,25.2,,,,5.0,,1020.4,
2020-03-30,22.6,18.0,27.0,,,,6.6,,1019.6,
2020-03-31,24.2,18.4,29.0,,,,5.6,,1017.6,
2020-04-01,22.3,18.0,25.0,,,81,7.6,,1017.8,
2020-04-02,24.3,19.0,28.0,,,323,9.7,,1014.9,
2020-04-03,20.9,15.0,24.0,,,235,12.6,,1011.9,
2020-04-04,19.2,12.0,25.0,,,,6.5,,1015.5,
2020-04-05,20.2,12.0,27.0,,,38,7.8,,1017.9,
2020-04-06,23.9,15.0,29.0,,,,10.5,,1016.6,
2020-04-07,19.2,16.0,22.0,,,131,8.9,,1018.1,
2020-04-08,18.3,14.0,25.0,,,93,8.8,,1018.9,
2020-04-09,17.9,13.0,23.0,,,70,8.4,,1018.1,
2020-04-10,17.9,13.6,23.0,,,70,7.9,,1017.8,
2020-04-11,15.8,13.0,24.5,,,,8.9,,1018.8,
2020-04-12,17.3,13.0,25.1,,,,8.4,,1020.4,
2020-04-13,18.9,14.0,23.0,,,56,8.0,,1019.0,
2020-04-14,18.1,14.0,22.0,,,330,8.5,,1013.1,
2020-04-15,16.7,9.0,21.0,,,279,7.3,,1016.5,
2020-04-16,17.1,8.0,25.5,,,,5.8,,1021.4,
2020-04-17,16.4,9.0,21.7,,,121,7.9,,1024.7,
2020-04-18,15.4,12.7,19.9,,,120,8.1,,1025.3,
2020-04-19,16.3,13.6,20.0,,,100,10.2,,1024.6,
2020-04-20,18.0,14.0,22.0,,,,6.3,,1022.6,
2020-04-21,18.9,13.9,24.0,,,,5.2,,1020.6,
2020-04-22,18.2,13.0,25.2,,,,5.1,,1019.8,
2020-04-23,18.0,12.0,23.0,,,,6.2,,1020.1,
2020-04-24,19.1,12.0,25.0,,,55,9.5,,1021.1,
2020-04-25,22.0,16.0,27.0,,,,7.4,,1021.5,
2020-04-26,22.3,16.0,28.0,,,,7.0,,1023.7,
2020-04-27,18.8,15.9,21.0,,,107,10.2,,1025.7,
2020-04-28,19.8,15.0,23.0,,,,9.2,,1023.6,
2020-04-29,21.5,15.0,26.0,,,,5.5,,1021.4,
2020-04-30,22.8,15.0,27.5,,,,4.2,,1019.6,
2020-05-01,21.8,16.8,26.0,,,215,5.6,,1019.2,
2020-05-02,19.6,13.0,24.0,,,199,8.9,,1018.1,
2020-05-03,16.2,12.0,20.0,,,107,8.8,,1021.1,
2020-05-04,17.2,12.0,21.0,,,,6.7,,1018.9,
2020-05-05,18.6,10.0,25.0,,,328,5.6,,1016.0,
2020-05-06,15.0,11.0,17.6,,,264,6.1,,1016.6,
2020-05-07,12.6,6.0,17.0,,,145,7.3,,1023.3,
2020-05-08,14.3,9.3,18.0,,,90,6.7,,1025.8,
2020-05-09,16.3,10.0,21.0,,,44,8.0,,1024.4,
2020-05-10,18.1,11.0,24.0,,,5,7.9,,1022.2,
2020-05-11,20.8,12.8,25.0,,,349,9.4,,1020.6,
2020-05-12,19.5,13.0,23.0,,,3,7.2,,1018.4,
2020-05-13,18.4,15.0,21.0,,,335,9.5,,1015.5,
2020-05-14,15.3,12.0,18.4,,,123,6.9,,1018.7,
2020-05-15,14.2,11.5,16.0,,,64,7.1,,1021.7,
2020-05-16,15.8,12.0,20.0,,,,5.8,,1020.4,
2020-05-17,18.1,8.0,24.0,,,,3.4,,1021.2,
2020-05-18,18.7,9.0,25.0,,,,6.1,,1023.7,
2020-05-19,17.1,10.0,22.0,,,64,8.9,,1025.5,
2020-05-20,18.1,14.5,23.0,,,65,7.2,,1024.5,
2020-05-21,19.6,14.0,25.4,,,15,8.5,,1020.9,
2020-05-22,18.1,15.0,21.0,,,340,11.3,,1016.7,
2020-05-23,16.1,11.0,18.0,,,308,15.2,,1014.3,
2020-05-24,13.9,8.9,17.0,,,290,8.1,,1018.2,
2020-05-25,12.8,8.3,18.5,,,298,11.5,,1015.7,
2020-05-26,13.4,7.1,18.0,,,249,7.9,,1016.7,
2020-05-27,14.8,6.0,21.0,,,,5.7,,1020.3,
2020-05-28,15.4,5.0,22.0,,,,4.2,,1022.7,
2020-05-29,16.3,5.0,22.0,,,,7.1,,1021.7,
2020-05-30,17.2,7.0,23.0,,,,5.9,,1020.4,
2020-05-31,17.7,8.0,24.0,,,,5.4,,1019.2,
2020-06-01,18.9,14.0,23.0,,,326,9.6,,1017.9,
2020-06-02,13.1,12.0,15.4,,,68,7.8,,1018.9,
2020-06-03,13.4,12.0,15.0,,,80,9.0,,1022.2,
2020-06-04,13.7,12.0,15.0,,,89,7.0,,1024.9,
2020-06-05,16.3,13.9,19.0,,,54,7.9,,1022.5,
2020-06-06,16.6,12.0,18.0,,,320,9.4,,1017.8,
2020-06-07,15.6,9.0,20.0,,,305,8.0,,1021.0,
2020-06-08,17.9,8.0,24.0,,,305,6.6,,1020.8,
2020-06-09,18.1,15.6,20.0,,,333,4.1,,1017.7,
2020-06-10,17.8,16.3,19.3,,,330,6.1,,1016.1,
2020-06-11,21.6,16.5,25.0,,,313,7.0,,1016.6,
2020-06-12,22.3,15.8,26.0,,,336,8.9,,1017.2,
2020-06-13,21.8,15.8,26.0,,,308,10.5,,1019.9,
2020-06-14,12.9,11.0,17.3,,,105,11.1,,1026.6,
2020-06-15,13.8,11.0,17.8,,,83,8.2,,1029.3,
2020-06-16,16.4,13.1,20.0,,,57,8.5,,1028.2,
2020-06-17,16.8,14.0,20.0,,,47,9.4,,1025.1,
2020-06-18,18.1,13.0,21.0,,,344,11.8,,1021.2,
2020-06-19,19.8,12.0,24.0,,,332,8.5,,1021.2,
2020-06-20,19.8,11.0,25.2,,,,6.8,,1021.6,
2020-06-21,20.7,11.0,25.0,,,,7.7,,1021.2,
2020-06-22,20.1,11.0,25.0,,,,5.0,,1021.9,
2020-06-23,18.7,13.0,23.0,,,,8.2,,1019.0,
2020-06-24,19.1,11.0,24.0,,,346,9.8,,1016.6,
2020-06-25,19.4,14.0,25.0,,,326,19.0,,1015.4,
2020-06-26,13.6,10.7,16.9,,,122,11.2,,1019.6,
2020-06-27,9.7,9.0,11.0,,,124,11.4,,1019.5,
2020-06-28,11.5,9.0,15.0,,,74,8.1,,1024.0,
2020-06-29,13.4,10.4,16.0,,,62,13.6,,1023.1,
2020-06-30,16.4,10.0,22.0,,,349,24.3,,1012.7,
2020-07-01,10.9,8.0,15.7,,,281,15.5,,1012.3,
2020-07-02,10.2,4.0,15.0,,,223,7.8,,1018.5,
2020-07-03,9.8,5.5,15.0,,,8,6.4,,1020.7,
2020-07-04,14.1,6.9,20.0,,,,9.7,,1020.5,
2020-07-05,17.3,11.0,23.0,,,355,13.5,,1018.8,
2020-07-06,16.4,13.0,18.0,,,17,7.6,,1019.5,
2020-07-07,18.6,13.6,23.0,,,12,13.2,,1017.0,
2020-07-08,17.9,13.2,21.0,,,320,14.7,,1013.8,
2020-07-09,12.4,7.0,16.0,,,,6.5,,1021.4,
2020-07-10,13.9,3.0,21.0,,,40,7.3,,1022.4,
2020-07-11,17.5,9.0,23.9,,,357,11.0,,1018.7,
2020-07-12,21.4,14.3,25.0,,,321,11.1,,1015.5,
2020-07-13,21.1,15.0,25.0,,,299,8.0,,1017.9,
2020-07-14,16.2,11.0,21.0,,,,7.1,,1022.1,
2020-07-15,12.8,10.0,16.0,,,78,9.4,,1025.0,
2020-07-16,13.2,9.0,18.0,,,49,10.7,,1024.4,
2020-07-17,17.4,13.0,21.0,,,25,6.1,,1022.9,
2020-07-18,19.0,12.0,24.0,,,36,7.5,,1023.4,
2020-07-19,18.8,14.0,23.0,,,13,8.2,,1023.3,
2020-07-20,18.0,10.0,22.0,,,,9.1,,1022.1,
2020-07-21,19.4,10.0,24.0,,,,5.2,,1020.4,
2020-07-22,19.2,11.0,25.7,,,,5.4,,1020.5,
2020-07-23,18.8,11.0,26.0,,,,3.9,,1021.0,
2020-07-24,20.6,12.8,24.0,,,10,9.5,,1019.8,
2020-07-25,19.4,13.0,23.0,,,,11.5,,1020.7,
2020-07-26,13.7,11.9,16.0,,,62,9.8,,1024.6,
2020-07-27,18.8,11.0,24.0,,,7,8.5,,1021.7,
2020-07-28,21.0,13.0,26.0,,,335,11.4,,1019.0,
2020-07-29,10.2,8.0,15.6,,,93,12.5,,1023.8,
2020-07-30,10.0,7.0,12.0,,,107,13.4,,1028.7,
2020-07-31,12.8,9.4,17.8,,,88,11.3,,1029.1,
2020-08-01,16.1,11.0,21.0,,,,5.7,,1027.7,
2020-08-02,15.9,10.0,21.0,,,,7.3,,1028.5,
2020-08-03,14.6,5.0,22.0,,,,4.5,,1029.5,
2020-08-04,16.2,10.0,21.0,,,,6.0,,1029.7,
2020-08-05,16.8,10.0,23.0,,,,6.3,,1028.6,
2020-08-06,17.7,11.0,24.0,,,,5.5,,1027.8,
2020-08-07,18.5,11.4,23.0,,,,5.8,,1027.1,
2020-08-08,16.7,11.0,22.0,,,,5.0,,1026.6,
2020-08-09,18.2,12.0,24.0,,,26,3.8,,1024.6,
2020-08-10,20.5,11.0,25.0,,,348,9.5,,1019.8,
2020-08-11,20.8,12.0,27.0,,,324,11.0,,1017.9,
2020-08-12,15.6,12.0,23.0,,,61,10.3,,1017.1,
2020-08-13,16.6,13.0,22.5,,,328,9.2,,1015.6,
2020-08-14,20.6,14.0,25.0,,,6,10.9,,1014.6,
2020-08-15,15.6,14.0,18.1,,,294,8.6,,1013.7,
2020-08-16,14.8,13.6,16.0,,,47,8.7,,1016.4,
2020-08-17,17.4,13.5,20.0,,,13,8.3,,1016.7,
2020-08-18,15.8,14.0,17.0,,,13,8.0,,1015.2,
2020-08-19,13.8,13.0,15.4,,,315,8.5,,1015.6,
2020-08-20,10.2,8.0,13.1,,,97,10.2,,1022.5,
2020-08-21,4.9,4.0,8.2,,,161,9.9,,1027.0,
2020-08-22,8.3,3.0,13.0,,,123,8.6,,1028.3,
2020-08-23,11.2,7.3,16.0,,,121,10.8,,1027.3,
2020-08-24,13.2,9.0,16.0,,,81,11.9,,1025.6,
2020-08-25,14.4,8.0,18.0,,,74,9.8,,1024.3,
2020-08-26,16.1,8.0,24.0,,,,7.4,,1022.7,
2020-08-27,18.2,8.0,26.0,,,,5.3,,1021.9,
2020-08-28,19.3,7.0,27.0,,,,5.5,,1020.0,
2020-08-29,23.1,12.0,28.0,,,,6.2,,1017.2,
2020-08-30,23.6,15.0,30.0,,,337,9.0,,1017.8,
2020-08-31,15.7,14.0,19.4,,,94,10.8,,1024.8,
2020-09-01,15.6,13.4,17.0,,,104,11.8,,1027.4,
2020-09-02,16.7,13.5,18.9,,,69,10.1,,1024.0,
2020-09-03,22.0,14.8,27.0,,,1,11.5,,1018.0,
2020-09-04,22.7,14.0,28.0,,,275,9.0,,1019.2,
2020-09-05,21.6,14.0,28.0,,,43,11.6,,1021.2,
2020-09-06,23.1,14.0,29.0,,,36,12.0,,1018.1,
2020-09-07,19.0,16.0,23.2,,,102,9.4,,1017.7,
2020-09-08,18.2,15.0,23.0,,,112,8.5,,1018.4,
2020-09-09,19.2,15.8,25.8,,,71,9.0,,1020.5,
2020-09-10,23.5,16.0,30.0,,,5,8.7,,1019.0,
2020-09-11,23.8,14.0,30.0,,,32,7.5,,1017.5,
2020-09-12,27.0,18.0,32.0,,,18,12.0,,1017.8,
2020-09-13,24.4,14.0,31.0,,,17,9.2,,1018.9,
2020-09-14,24.8,14.0,30.4,,,32,8.6,,1021.1,
2020-09-15,13.6,9.0,17.0,,,92,11.8,,1024.8,
2020-09-16,19.7,12.7,27.0,,,58,10.3,,1019.6,
2020-09-17,19.3,15.7,26.0,,,131,7.7,,1016.6,
2020-09-18,22.4,14.0,27.0,,,347,8.4,,1014.7,
2020-09-19,23.7,15.9,29.0,,,225,8.1,,1015.5,
2020-09-20,14.0,11.0,17.0,,,107,10.7,,1020.1,
2020-09-21,11.7,10.0,14.5,,,109,9.8,,1022.5,
2020-09-22,10.9,9.0,14.0,,,107,13.0,,1025.7,
2020-09-23,14.8,10.5,19.3,,,106,9.6,,1026.7,
2020-09-24,18.6,13.3,25.1,,,92,6.7,,1023.8,
2020-09-25,21.7,13.0,27.0,,,87,5.8,,1020.7,
2020-09-26,24.2,14.0,31.0,,,17,8.9,,1015.4,
2020-09-27,27.2,18.0,33.0,,,350,12.0,,1011.3,
2020-09-28,18.7,17.0,25.1,,,310,10.3,,1013.5,
2020-09-29,17.4,15.0,23.1,,,81,8.9,,1018.6,
2020-09-30,25.1,15.0,33.0,,,24,10.9,,1016.5,
2020-10-01,24.5,17.2,32.8,,,1,6.1,,1011.9,
2020-10-02,27.5,20.9,35.5,,,336,6.7,,1010.0,
2020-10-03,19.5,14.9,24.1,,,138,8.3,,1017.9,
2020-10-04,16.2,14.0,19.9,,,129,9.4,,1021.6,
2020-10-05,21.8,15.6,29.3,,,30,6.3,,1016.0,
2020-10-06,24.0,18.5,31.2,,,210,4.6,,1013.4,
2020-10-07,22.2,16.3,28.0,,,5,6.1,,1014.2,
2020-10-08,20.9,17.5,23.2,,,110,4.5,,1014.3,
2020-10-09,16.9,15.9,19.0,,,104,5.8,,1013.9,
2020-10-10,17.4,12.0,24.3,,,176,5.7,,,
2020-10-11,16.3,12.5,22.2,,,126,5.9,,1019.6,
2020-10-12,19.3,13.1,26.4,,,63,4.2,,1018.5,
2020-10-13,21.4,15.5,28.0,,,346,4.7,,1014.6,
2020-10-14,21.2,16.6,28.1,,,85,3.9,,1014.3,
2020-10-15,17.9,16.3,21.0,,,128,5.5,,1018.8,
2020-10-16,16.6,13.0,21.8,,,141,8.3,,1022.7,
2020-10-17,16.1,11.9,21.3,,,135,7.2,,1021.7,
2020-10-18,17.0,12.9,21.5,,,120,6.1,,1018.6,
2020-10-19,19.9,15.0,26.1,,,99,5.5,,1016.5,
2020-10-20,21.7,16.9,27.8,,,107,4.6,,1016.4,
2020-10-21,20.7,17.0,26.5,,,140,5.8,,1018.9,
2020-10-22,19.0,15.9,23.6,,,124,7.8,,1021.0,
2020-10-23,19.1,15.3,23.8,,,112,6.2,,1019.1,
2020-10-24,19.5,15.3,25.2,,,79,4.9,,1015.0,
2020-10-25,20.2,16.9,25.0,,,90,5.5,,1012.7,
2020-10-26,21.8,17.0,26.3,,,47,8.5,,1011.5,
2020-10-27,23.1,17.5,27.0,,,302,7.7,,1007.8,
2020-10-28,25.2,14.4,30.0,,,265,13.4,,1008.4,
2020-10-29,21.6,16.0,29.0,,,106,9.0,,1012.7,
2020-10-30,13.0,12.0,16.6,,,144,16.5,,1020.1,
2020-10-31,13.7,12.0,16.9,,,140,14.5,,1021.4,
2020-11-01,14.0,11.0,17.1,,,135,14.4,,1020.1,
2020-11-02,15.1,11.0,20.5,,,126,8.4,,1018.6,
2020-11-03,16.6,11.0,22.0,,,100,7.3,,1017.3,
2020-11-04,14.4,12.0,17.5,,,131,8.9,,1018.7,
2020-11-05,17.0,10.6,22.0,,,151,7.2,,1017.2,
2020-11-06,17.0,11.0,22.2,,,121,11.3,,1018.7,
2020-11-07,19.6,11.9,27.0,,,96,7.7,,1020.1,
2020-11-08,21.7,15.0,30.0,,,69,8.9,,1018.6,
2020-11-09,18.4,16.8,24.0,,,91,8.9,,1018.3,
2020-11-10,20.6,16.7,26.0,,,41,10.9,,1016.8,
2020-11-11,18.6,17.0,22.1,,,92,6.0,,1015.9,
2020-11-12,20.9,17.0,26.0,,,108,4.9,,1014.6,
2020-11-13,20.4,17.4,26.0,,,49,7.8,,1013.6,
2020-11-14,22.6,17.9,27.0,,,20,10.0,,1013.2,
2020-11-15,23.8,18.0,30.0,,,347,7.8,,1013.0,
2020-11-16,24.1,19.1,29.0,,,318,8.9,,1011.0,
2020-11-17,19.4,16.0,23.6,,,126,11.1,,1011.3,
2020-11-18,14.7,14.0,16.7,,,115,10.3,,1013.6,
2020-11-19,15.2,13.0,17.5,,,143,11.1,,1014.5,
2020-11-20,16.7,12.8,21.7,,,127,8.5,,1016.5,
2020-11-21,17.3,13.3,21.0,,,91,10.7,,1017.6,
2020-11-22,18.4,14.3,24.0,,,80,11.2,,1020.0,
2020-11-23,19.9,15.5,23.0,,,91,13.0,,1021.9,
2020-11-24,20.3,15.0,24.0,,,79,12.9,,1021.9,
2020-11-25,25.3,17.6,30.0,,,45,11.9,,1019.0,
2020-11-26,26.7,8.0,33.5,,,9,12.5,,1016.6,
2020-11-27,20.3,18.8,25.5,,,109,8.9,,1019.0,
2020-11-28,22.4,18.2,28.3,,,90,9.7,,1020.0,
2020-11-29,23.1,18.6,30.3,,,35,7.1,,1017.6,
2020-11-30,22.4,19.0,25.9,,,13,7.0,,1015.8,
2020-12-01,19.4,17.9,25.2,,,120,8.8,,1016.4,
2020-12-02,22.4,17.3,27.3,,,46,9.4,,1014.3,
2020-12-03,21.0,17.0,25.1,,,331,8.8,,1011.6,
2020-12-04,20.6,16.1,25.5,,,82,7.4,,1016.0,
2020-12-05,16.4,15.0,19.1,23.9,,116,12.7,,1019.0,
2020-12-06,16.2,14.9,21.1,0.0,,109,11.7,,1018.5,
2020-12-07,19.3,16.1,21.0,,,108,10.2,,1016.9,
2020-12-08,22.2,16.8,27.0,,,165,6.9,,1015.2,
2020-12-09,22.3,16.7,27.0,,,83,6.9,,1015.3,
2020-12-10,21.1,17.0,25.7,,,82,8.7,,1015.6,
2020-12-11,23.3,17.0,29.0,,,24,8.4,,1015.1,
2020-12-12,24.5,17.4,30.0,,,9,8.2,,1015.0,
2020-12-13,22.4,19.3,27.6,,,345,8.6,,1014.0,
2020-12-14,23.1,19.0,26.6,,,349,9.5,,1012.8,
2020-12-15,21.2,18.6,26.4,9.9,,22,7.8,,1012.9,
2020-12-16,23.2,18.0,29.8,13.0,,87,6.1,,1014.4,
2020-12-17,19.8,19.0,24.3,14.0,,6,7.0,,1014.3,
2020-12-18,22.4,18.8,27.0,0.5,,123,7.1,,1012.8,
2020-12-19,24.3,19.4,28.1,0.0,,341,11.4,,1010.2,
2020-12-20,23.9,20.0,30.0,,,307,9.3,,1011.6,
2020-12-21,23.3,19.4,27.0,,,103,10.1,,1014.0,
2020-12-22,19.9,18.0,21.1,,,108,12.7,,1015.6,
2020-12-23,20.2,16.7,27.4,0.5,,91,11.8,,1016.0,
2020-12-24,20.8,15.4,25.0,0.0,,94,15.5,,1016.5,
2020-12-25,20.4,14.9,23.0,,,103,14.6,,1016.1,
2020-12-26,20.5,14.6,27.0,,,121,11.9,,1014.8,
2020-12-27,21.6,17.4,26.0,,,120,9.9,,1016.0,
2020-12-28,22.5,17.9,27.0,,,67,11.5,,1016.6,
2020-12-29,23.4,18.0,28.0,,,354,11.7,,1013.5,
2020-12-30,25.3,18.7,30.1,2.0,,331,12.1,,1011.1,
2020-12-31,22.4,18.0,28.3,0.3,,300,10.1,,1012.0,
2021-01-01,20.8,17.8,25.7,7.1,,128,13.2,,1015.9,
2021-01-02,19.3,17.0,26.1,0.5,,112,9.6,,1016.2,
2021-01-03,19.2,16.0,22.2,0.0,,100,12.2,,1015.9,
2021-01-04,20.9,15.6,25.0,,,71,10.1,,1015.2,
2021-01-05,22.7,18.7,28.0,,,16,9.9,,1013.7,
2021-01-06,23.6,19.2,28.7,14.0,,320,12.4,,1012.6,
2021-01-07,25.6,18.8,30.0,0.3,,268,8.7,,1012.6,
2021-01-08,23.2,19.7,28.0,0.0,,200,9.1,,1013.3,
2021-01-09,22.5,19.2,25.9,23.9,,103,10.0,,1014.8,
2021-01-10,22.7,19.7,28.0,0.0,,95,9.8,,1015.6,
2021-01-11,23.6,20.0,30.0,1.0,,99,10.9,,1015.2,
2021-01-12,24.5,20.6,31.2,0.0,,125,8.6,,1014.3,
2021-01-13,22.1,19.0,26.4,0.5,,144,13.6,,1016.2,
2021-01-14,19.7,17.8,21.5,1.0,,144,14.9,,1017.0,
2021-01-15,22.3,18.1,26.0,0.3,,95,11.8,,1015.2,
2021-01-16,22.6,19.0,26.0,0.5,,8,12.4,,1012.1,
2021-01-17,22.8,20.0,26.2,0.0,,340,16.5,,1010.7,
2021-01-18,19.2,8.0,25.0,,,11,9.2,,1013.0,
2021-01-19,18.6,16.6,22.0,86.1,,117,9.9,,1017.2,
2021-01-20,19.7,17.9,22.6,6.1,,130,9.5,,1017.9,
2021-01-21,20.4,17.7,23.6,0.0,,122,11.4,,1018.8,
2021-01-22,21.3,17.7,24.0,,,96,8.2,,1020.7,
2021-01-23,21.3,18.5,24.3,,,78,8.4,,1019.5,
2021-01-24,20.4,18.4,23.9,,,55,6.1,,1017.2,
2021-01-25,20.8,18.5,24.4,,,8,6.0,,1015.0,
2021-01-26,22.6,18.3,26.7,6.1,,355,8.4,,1014.1,
2021-01-27,24.2,18.7,29.0,0.0,,339,10.6,,1012.5,
2021-01-28,22.3,19.8,27.0,7.9,,337,8.6,,1011.8,
2021-01-29,22.6,19.4,26.0,16.0,,338,10.4,,1012.6,
2021-01-30,21.4,19.6,27.2,11.9,,331,9.3,,1014.3,
2021-01-31,23.9,20.0,28.6,0.0,,322,9.9,,1014.2,
2021-02-01,23.6,19.9,29.1,,,333,7.8,,1013.4,
2021-02-02,24.7,20.0,30.4,,,358,6.4,,1014.3,
2021-02-03,25.8,18.3,31.0,2.0,,30,5.6,,1014.9,
2021-02-04,25.3,21.9,29.2,0.0,,313,10.4,,1011.3,
2021-02-05,22.9,17.0,27.0,9.9,,212,8.5,,1009.8,
2021-02-06,21.1,16.5,25.0,0.0,,148,8.7,,1012.4,
2021-02-07,20.4,15.0,24.0,,,115,8.6,,1015.8,
2021-02-08,21.0,15.6,25.0,,,114,12.1,,1016.5,
2021-02-09,20.6,14.8,27.8,,,108,13.3,,1017.1,
2021-02-10,17.9,15.9,27.0,,,116,10.3,,1016.8,
2021-02-11,19.2,16.0,24.4,,,80,9.2,,1017.0,
2021-02-12,20.1,17.0,26.0,,,72,8.2,,1015.9,
2021-02-13,22.9,18.5,27.0,7.1,,359,8.1,,1013.4,
2021-02-14,22.8,17.0,26.1,0.0,,318,10.1,,1011.8,
2021-02-15,21.7,17.0,26.0,4.1,,282,6.8,,1011.0,
2021-02-16,23.4,16.3,27.6,0.8,,307,7.2,,1009.4,
2021-02-17,24.3,17.4,28.0,1.0,,204,6.3,,1009.4,
2021-02-18,24.0,18.5,31.2,0.3,,238,5.0,,1010.1,
2021-02-19,18.6,16.0,28.0,0.0,,128,6.1,,1013.0,
2021-02-20,21.3,18.0,27.9,,,112,7.2,,1016.4,
2021-02-21,23.5,18.0,27.0,,,96,9.1,,1017.8,
2021-02-22,22.7,17.0,29.5,,,74,9.5,,1017.2,
2021-02-23,24.9,18.0,32.4,,,341,9.8,,1015.2,
2021-02-24,21.6,18.8,26.6,7.9,,96,9.0,,1015.5,
2021-02-25,20.0,18.0,24.4,4.1,,115,11.2,,1014.8,
2021-02-26,19.8,17.0,22.0,2.0,,137,13.4,,1015.6,
2021-02-27,19.1,17.7,21.5,4.1,,142,13.4,,1017.5,
2021-02-28,18.6,17.5,22.5,0.0,,119,8.0,,1017.0,
2021-03-01,19.8,18.0,24.8,,,70,5.2,,1015.5,
2021-03-02,19.9,17.1,26.0,69.1,,40,6.4,,1016.3,
2021-03-03,21.1,16.6,26.0,32.0,,7,6.5,,1017.1,
2021-03-04,21.5,17.9,23.8,7.9,,336,10.6,,1014.1,
2021-03-05,21.0,18.8,24.5,1.0,,314,10.7,,1008.8,
2021-03-06,21.8,16.9,26.0,6.1,,225,6.2,,1011.4,
2021-03-07,20.1,18.0,23.9,0.0,,114,7.8,,1014.7,
2021-03-08,21.7,17.0,26.0,,,30,8.4,,1015.2,
2021-03-09,20.1,15.0,24.0,,,339,9.7,,1013.3,
2021-03-10,19.3,12.9,27.8,0.5,,176,7.4,,1012.1,
2021-03-11,22.1,15.9,28.0,0.0,,25,10.8,,1013.1,
2021-03-12,22.9,18.6,30.7,,,48,9.9,,1015.3,
2021-03-13,23.3,18.7,28.0,,,41,9.2,,1016.7,
2021-03-14,24.5,19.5,30.0,,,28,8.2,,1017.1,
2021-03-15,22.9,18.0,27.0,0.3,,64,6.1,,1016.2,
2021-03-16,22.2,18.0,28.0,,,48,7.9,,1015.3,
2021-03-17,22.9,19.0,28.0,,,344,7.7,,1013.0,
2021-03-18,21.9,19.0,27.0,,,159,8.7,,1013.8,
2021-03-19,19.9,18.0,26.9,,,116,10.5,,1017.3,
2021-03-20,21.4,18.0,27.0,,,79,8.4,,1020.1,
2021-03-21,24.2,20.0,32.1,,,2,5.7,,1019.5,
2021-03-22,22.4,20.0,26.3,,,111,7.2,,1018.9,
2021-03-23,22.2,20.0,29.3,,,106,6.8,,1018.1,
2021-03-24,22.4,19.0,28.0,,,177,7.2,,1018.1,
2021-03-25,22.2,19.0,26.0,,,76,8.3,,1018.1,
2021-03-26,22.5,18.0,31.8,,,0,7.9,,1017.3,
2021-03-27,23.1,18.0,29.2,,,344,8.5,,1014.4,
2021-03-28,23.1,19.0,28.0,,,318,9.5,,1012.9,
2021-03-29,22.4,19.0,27.6,,,279,9.7,,1012.8,
2021-03-30,19.4,17.0,23.0,,,257,7.6,,1012.1,
2021-03-31,17.9,13.0,24.3,,,184,6.5,,1012.5,
2021-04-01,17.0,12.7,23.3,,,130,6.7,,1014.1,
2021-04-02,17.8,13.7,23.0,,,120,8.4,,1018.0,
2021-04-03,18.1,15.0,26.2,,,146,9.6,,1019.2,
2021-04-04,18.2,16.0,22.0,,,111,9.2,,1020.0,
2021-04-05,18.4,16.0,22.0,,,103,11.2,,1019.9,
2021-04-06,18.4,15.8,23.4,,,99,7.3,,1019.1,
2021-04-07,17.7,16.0,20.0,,,99,12.4,,1021.5,
2021-04-08,18.8,15.0,23.9,,,88,10.5,,1022.7,
2021-04-09,20.0,15.0,28.3,,,52,7.8,,1021.9,
2021-04-10,20.7,15.0,26.0,,,356,5.0,,1017.3,
2021-04-11,21.6,15.0,27.0,,,328,10.1,,1017.0,
2021-04-12,20.8,17.0,25.0,,,36,7.3,,1017.5,
2021-04-13,17.5,15.0,20.0,,,101,9.9,,1021.5,
2021-04-14,16.8,14.0,20.0,,,103,8.0,,1021.6,
2021-04-15,17.2,14.9,21.0,,,86,8.5,,1020.4,
2021-04-16,18.5,14.0,25.0,,,70,7.2,,1018.1,
2021-04-17,18.0,16.0,20.0,,,107,7.3,,1016.9,
2021-04-18,17.5,15.0,21.0,,,154,9.1,,1017.4,
2021-04-19,17.0,14.5,22.0,,,154,12.5,,1019.4,
2021-04-20,16.6,13.9,20.0,,,149,12.7,,1020.6,
2021-04-21,15.6,14.0,20.0,,,150,13.3,,1020.5,
2021-04-22,15.5,13.0,18.0,,,125,11.1,,1020.4,
2021-04-23,15.9,11.0,22.0,,,120,9.5,,1019.5,
2021-04-24,17.2,14.0,22.0,,,247,8.0,,1017.4,
2021-04-25,17.8,14.0,21.0,,,291,10.0,,1015.7,
2021-04-26,17.3,13.0,23.0,,,162,9.5,,1016.5,
2021-04-27,16.6,14.7,22.0,,,106,12.1,,1017.6,
2021-04-28,16.4,14.0,22.0,,,137,8.0,,1019.7,
2021-04-29,14.6,11.0,18.0,,,125,9.5,,1024.2,
2021-04-30,14.8,12.5,19.0,,,108,11.0,,1025.2,
2021-05-01,15.6,11.0,20.0,,,71,8.8,,1024.0,
2021-05-02,17.8,13.0,23.0,,,47,7.5,,1022.7,
2021-05-03,19.0,12.0,26.0,,,30,5.4,,1020.9,
2021-05-04,19.8,13.0,26.0,,,350,4.1,,1019.7,
2021-05-05,19.5,13.0,26.0,,,21,9.1,,1018.8,
2021-05-06,18.1,12.0,25.0,,,338,12.3,,1017.3,
2021-05-07,12.8,11.0,14.2,,,133,12.1,,1022.4,
2021-05-08,13.1,11.2,17.6,,,117,10.6,,1026.4,
2021-05-09,15.0,12.0,20.0,,,87,10.0,,1026.0,
2021-05-10,16.4,13.0,22.0,,,43,6.5,,1023.1,
2021-05-11,16.7,10.0,24.0,,,83,6.6,,1018.5,
2021-05-12,13.1,11.0,15.6,,,112,8.2,,1019.1,
2021-05-13,13.1,11.0,17.0,,,95,8.1,,1022.8,
2021-05-14,13.4,11.1,17.0,,,99,9.3,,1022.4,
2021-05-15,14.3,12.0,18.0,,,75,9.1,,1021.4,
2021-05-16,16.2,13.0,22.0,,,76,6.9,,1021.2,
2021-05-17,16.4,13.2,21.0,,,250,8.6,,1019.4,
2021-05-18,14.7,10.0,20.0,,,123,7.1,,1019.4,
2021-05-19,15.5,10.3,22.0,,,275,6.2,,1018.5,
2021-05-20,16.4,8.0,24.0,,,79,6.1,,1017.0,
2021-05-21,18.3,11.0,25.0,,,13,9.6,,1014.7,
2021-05-22,17.8,14.0,22.0,,,342,16.3,,1013.1,
2021-05-23,15.3,11.2,18.0,,,295,17.2,,1014.4,
2021-05-24,10.9,6.0,16.0,,,284,7.8,,1018.5,
2021-05-25,13.0,4.0,22.0,,,282,3.8,,1021.1,
2021-05-26,14.3,7.0,21.0,,,238,4.1,,1020.6,
2021-05-27,16.6,9.0,23.0,,,312,4.9,,1018.0,
2021-05-28,18.9,14.0,23.0,,,1,12.4,,1012.5,
2021-05-29,21.0,15.7,26.0,,,311,12.2,,1012.4,
2021-05-30,15.5,13.9,18.0,,,95,7.8,,1019.4,
2021-05-31,13.8,12.6,15.0,,,76,7.4,,1020.8,
2021-06-01,14.3,11.0,20.0,,,9,6.6,,1018.8,
2021-06-02,16.8,10.0,23.0,,,326,11.3,,1018.0,
2021-06-03,17.9,13.0,24.0,,,259,7.0,,1020.8,
2021-06-04,17.6,15.0,23.0,,,33,10.1,,1023.0,
2021-06-05,18.5,13.0,24.0,,,11,10.3,,1020.9,
2021-06-06,17.2,13.0,23.0,,,69,7.8,,1019.6,
2021-06-07,14.2,13.0,15.2,,,116,9.3,,1020.7,
2021-06-08,14.2,13.0,16.0,,,107,8.9,,1020.9,
2021-06-09,15.3,13.0,19.0,,,91,6.2,,1020.9,
2021-06-10,15.9,14.0,19.0,,,24,8.6,,1018.9,
2021-06-11,14.8,11.5,19.0,,,221,6.7,,1019.3,
2021-06-12,12.0,7.0,18.0,,,189,7.0,,1021.4,
2021-06-13,11.8,5.0,18.0,,,103,6.5,,1023.8,
2021-06-14,12.5,8.0,20.0,,,62,6.5,,1023.4,
2021-06-15,12.7,7.0,20.0,,,154,5.8,,1020.9,
2021-06-16,11.8,9.0,16.0,,,91,7.8,,1021.0,
2021-06-17,11.4,9.6,14.0,,,62,9.3,,1023.0,
2021-06-18,12.0,10.4,14.0,,,83,10.5,,1024.3,
2021-06-19,12.4,11.6,13.0,,,48,9.5,,1021.5,
2021-06-20,13.4,11.0,17.0,,,212,9.5,,1020.4,
2021-06-21,11.8,10.2,14.0,,,56,7.0,,1022.2,
2021-06-22,12.9,12.0,15.0,,,111,7.0,,1022.9,
2021-06-23,12.8,11.6,15.0,,,101,10.0,,1024.8,
2021-06-24,15.3,11.2,20.0,,,17,14.0,,1019.0,
2021-06-25,17.5,13.0,24.0,,,357,6.6,,1018.7,
2021-06-26,17.2,14.0,23.0,,,34,12.6,,1018.9,
2021-06-27,19.1,14.9,24.0,,,349,12.5,,1016.6,
2021-06-28,10.4,5.0,15.4,,,188,9.5,,1021.4,
2021-06-29,5.9,1.0,10.0,,,254,11.8,,1024.5,
2021-06-30,6.7,1.0,13.0,,,177,8.5,,1026.6,
2021-07-01,9.3,5.0,15.0,,,112,8.6,,1028.1,
2021-07-02,12.9,6.0,20.0,,,354,8.0,,1026.1,
2021-07-03,12.3,7.0,19.0,,,146,6.0,,1024.9,
2021-07-04,11.4,8.0,15.0,,,72,8.9,,1026.5,
2021-07-05,12.1,9.0,17.0,,,38,5.1,,1026.7,
2021-07-06,11.1,8.0,13.0,,,98,7.1,,1025.9,
2021-07-07,12.8,8.0,18.0,,,67,8.8,,1024.3,
2021-07-08,13.2,9.7,19.0,,,165,6.2,,1022.5,
2021-07-09,11.9,8.0,16.0,,,72,7.1,,1023.3,
2021-07-10,15.0,9.8,22.0,,,35,7.7,,1022.4,
2021-07-11,14.8,9.0,21.0,,,119,6.0,,1022.0,
2021-07-12,15.1,8.0,22.0,,,56,8.3,,1023.2,
2021-07-13,16.2,9.0,24.0,,,28,7.1,,1023.0,
2021-07-14,16.9,11.0,23.0,,,1,8.6,,1020.0,
2021-07-15,18.1,12.0,24.0,,,331,9.5,,1016.8,
2021-07-16,12.9,11.0,15.0,,,103,8.9,,1018.0,
2021-07-17,14.7,11.8,20.0,,,301,7.2,,1018.1,
2021-07-18,10.1,5.3,13.0,,,246,10.1,,1021.1,
2021-07-19,7.3,1.0,14.0,,,265,8.1,,1024.3,
2021-07-20,9.4,1.0,17.0,,,131,5.4,,1025.6,
2021-07-21,13.1,4.0,22.0,,,117,3.9,,1025.8,
2021-07-22,13.2,5.0,22.0,,,95,6.7,,1028.3,
2021-07-23,13.9,7.0,23.0,,,38,7.3,,1026.7,
2021-07-24,15.3,6.0,24.0,,,18,6.8,,1023.4,
2021-07-25,16.7,8.0,24.0,,,4,10.4,,1020.8,
2021-07-26,18.6,10.0,25.0,,,339,11.5,,1017.9,
2021-07-27,15.5,10.0,23.0,,,295,11.0,,1015.2,
2021-07-28,6.7,2.0,10.5,,,237,14.2,,1019.9,
2021-07-29,5.2,0.0,10.0,,,237,7.6,,1024.7,
2021-07-30,6.2,0.0,12.0,,,130,8.2,,1028.4,
2021-07-31,8.4,1.0,15.0,,,100,9.1,,1030.3,
2021-08-01,10.9,7.7,16.0,,,98,6.8,,1030.3,
2021-08-02,13.2,9.0,19.0,,,119,6.2,,1027.3,
2021-08-03,11.7,9.0,16.0,,,119,10.0,,1027.5,
2021-08-04,10.7,6.0,14.0,,,120,10.6,,1029.8,
2021-08-05,12.7,10.0,16.0,,,107,12.6,,1030.0,
2021-08-06,13.9,10.8,18.0,,,83,12.5,,1029.4,
2021-08-07,15.4,12.8,21.0,,,69,10.8,,1025.8,
2021-08-08,17.2,12.0,23.0,,,35,6.7,,1023.5,
2021-08-09,18.6,11.0,26.0,,,6,10.1,,1022.0,
2021-08-10,20.0,13.0,27.0,,,2,12.3,,1019.5,
2021-08-11,12.3,9.0,16.5,,,102,11.5,,1022.3,
2021-08-12,8.9,8.0,11.1,,,112,13.4,,1025.0,
2021-08-13,9.8,8.0,11.1,,,90,11.7,,1025.5,
2021-08-14,12.3,10.6,15.0,,,73,9.7,,1023.7,
2021-08-15,15.4,11.0,23.0,,,60,8.8,,1020.1,
2021-08-16,15.2,13.7,19.0,,,85,6.4,,1018.5,
2021-08-17,19.8,11.0,27.0,,,13,8.1,,1020.2,
2021-08-18,21.2,13.0,29.0,,,47,12.0,,1021.3,
2021-08-19,21.1,13.0,28.0,,,28,10.2,,1018.8,
2021-08-20,21.0,14.0,28.0,,,26,10.0,,1018.0,
2021-08-21,19.4,13.0,26.0,,,69,8.8,,1019.6,
2021-08-22,20.0,14.1,27.0,,,12,12.1,,1016.5,
2021-08-23,21.5,13.0,29.0,,,23,11.0,,1014.2,
2021-08-24,22.4,16.0,29.0,,,24,12.4,,1013.0,
2021-08-25,24.0,17.8,30.0,,,2,15.8,,1010.9,
2021-08-26,18.2,14.6,21.3,,,259,9.7,,1013.8,
2021-08-27,12.4,11.0,14.4,,,103,15.0,,1021.4,
2021-08-28,12.9,11.8,15.0,,,106,16.4,,1025.1,
2021-08-29,13.4,12.0,16.0,,,135,12.8,,1026.5,
2021-08-30,13.9,9.0,18.0,,,105,14.9,,1025.9,
2021-08-31,15.1,12.9,19.0,,,91,14.2,,1026.0,
2021-09-01,16.3,13.4,22.0,,,75,13.4,,1024.1,
2021-09-02,18.0,11.0,25.0,,,26,9.2,,1020.9,
2021-09-03,21.0,13.0,28.0,,,353,6.0,,1017.6,
2021-09-04,18.9,13.0,28.0,,,85,9.8,,1016.9,
2021-09-05,20.1,14.0,28.0,,,48,11.2,,1016.1,
2021-09-06,16.4,14.0,21.0,,,101,11.5,,1019.1,
2021-09-07,16.1,14.0,18.0,,,80,13.5,,1018.8,
2021-09-08,20.1,15.0,30.0,,,68,14.9,,1014.4,
2021-09-09,18.9,14.4,23.0,,,270,12.6,,1014.4,
2021-09-10,16.7,10.2,24.0,,,248,7.5,,1018.1,
2021-09-11,15.7,11.3,21.0,,,183,6.0,,1020.0,
2021-09-12,19.6,12.0,28.0,,,54,9.5,,1020.2,
2021-09-13,23.0,15.0,30.0,,,8,15.5,,1015.1,
2021-09-14,20.3,18.0,27.0,,,333,11.2,,1013.7,
2021-09-15,15.8,12.0,18.8,,,131,11.7,,1020.4,
2021-09-16,12.5,11.0,13.8,,,106,12.8,,1026.1,
2021-09-17,14.4,12.9,17.0,,,76,10.8,,1022.7,
2021-09-18,19.2,14.0,26.0,,,65,7.2,,1017.8,
2021-09-19,21.3,15.0,30.0,,,65,8.3,,1017.5,
2021-09-20,23.0,17.0,30.0,,,5,12.7,,1016.4,
2021-09-21,21.0,14.0,27.0,,,161,12.2,,1015.4,
2021-09-22,13.0,9.0,16.5,,,112,15.3,,1022.0,
2021-09-23,12.8,10.0,17.0,,,89,12.3,,1022.7,
2021-09-24,15.0,11.0,22.0,,,93,8.1,,1020.7,
2021-09-25,17.3,13.0,24.0,,,86,11.6,,1019.5,
2021-09-26,19.7,14.0,28.0,,,57,8.8,,1019.4,
2021-09-27,20.9,16.0,28.0,,,76,8.2,,1020.2,
2021-09-28,22.4,15.0,29.0,,,31,8.5,,1017.6,
2021-09-29,19.1,16.0,26.0,,,107,10.3,,1016.6,
2021-09-30,16.4,14.0,18.4,,,93,12.5,,1017.6,
2021-10-01,16.0,15.0,18.3,,,10,9.6,,1015.1,
2021-10-02,17.1,14.0,19.0,,,22,6.3,,1014.4,
2021-10-03,16.2,15.0,17.0,,,341,11.7,,1012.7,
2021-10-04,15.7,14.0,17.2,,,45,9.0,,1014.4,
2021-10-05,15.3,13.0,19.0,,,79,10.8,,1019.2,
2021-10-06,17.6,13.0,23.0,,,50,9.8,,1018.3,
2021-10-07,14.9,11.0,18.8,,,79,11.3,,1017.3,
2021-10-08,14.9,12.0,18.0,,,79,12.8,,1018.4,
2021-10-09,14.8,13.0,16.6,,,84,9.8,,1018.5,
2021-10-10,15.0,13.3,17.0,,,109,13.9,,1018.8,
2021-10-11,15.8,14.0,17.0,,,102,13.3,,1019.2,
2021-10-12,17.8,15.0,23.0,,,98,8.9,,1017.2,
2021-10-13,18.1,15.0,24.0,,,88,9.9,,1015.3,
2021-10-14,19.8,16.0,25.0,,,356,12.5,,1012.0,
2021-10-15,18.2,16.0,21.0,,,43,6.9,,1012.9,
2021-10-16,17.9,14.0,23.0,,,138,9.6,,1016.7,
2021-10-17,14.8,13.0,17.1,,,108,11.8,,1019.5,
2021-10-18,13.7,12.0,16.0,,,119,11.9,,1019.7,
2021-10-19,13.1,11.0,15.0,,,116,13.5,,1021.6,
2021-10-20,13.1,10.6,16.0,,,104,14.6,,1021.4,
2021-10-21,14.5,12.0,20.0,,,85,12.0,,1019.0,
2021-10-22,17.3,12.0,24.0,,,55,8.2,,1016.0,
2021-10-23,19.1,13.5,26.0,,,31,13.7,,1011.5,
2021-10-24,17.1,14.0,22.0,,,310,13.2,,1014.1,
2021-10-25,16.8,12.9,23.0,,,76,9.8,,1020.9,
2021-10-26,18.1,13.0,24.0,,,96,8.6,,1021.9,
2021-10-27,18.0,14.4,22.0,,,94,10.9,,1023.5,
2021-10-28,18.4,16.0,21.0,,,128,12.9,,1024.6,
2021-10-29,18.2,16.0,21.0,,,106,12.8,,1022.0,
2021-10-30,18.1,15.9,22.0,,,93,16.7,,1019.7,
2021-10-31,16.4,15.0,18.0,,,115,16.1,,1019.3,
2021-11-01,17.3,15.1,20.0,,,122,12.1,,1017.7,
2021-11-02,18.9,16.0,23.0,,,113,15.4,,1016.9,
2021-11-03,19.9,16.0,26.0,,,69,10.9,,1014.6,
2021-11-04,20.1,16.8,25.0,,,59,8.4,,1013.5,
2021-11-05,20.0,17.0,24.0,,,75,8.0,,1014.5,
2021-11-06,19.9,17.0,26.0,,,82,10.6,,1014.8,
2021-11-07,18.0,16.0,21.0,,,100,9.0,,1015.8,
2021-11-08,18.1,15.9,21.0,,,67,9.7,,1016.1,
2021-11-09,18.3,15.7,23.0,,,91,9.6,,1017.3,
2021-11-10,16.4,14.0,20.0,,,116,12.4,,1018.5,
2021-11-11,15.2,14.0,17.0,,,105,15.8,,1021.0,
2021-11-12,15.3,13.0,20.0,,,105,14.9,,1021.6,
2021-11-13,14.4,12.0,18.0,,,87,16.1,,1020.3,
2021-11-14,16.4,12.0,22.0,,,79,12.0,,1018.6,
2021-11-15,17.7,13.0,23.0,,,74,12.3,,1018.6,
2021-11-16,20.5,15.3,27.0,,,71,8.5,,1017.5,
2021-11-17,22.4,17.1,30.0,,,59,9.8,,1014.2,
2021-11-18,18.4,16.0,21.0,,,90,11.8,,1012.4,
2021-11-19,17.7,16.0,19.0,,,133,12.3,,1014.3,
2021-11-20,17.1,15.0,21.0,,,114,11.9,,1018.0,
2021-11-21,18.9,13.3,26.0,,,95,9.6,,1017.6,
2021-11-22,21.5,14.0,30.0,,,58,6.5,,1015.2,
2021-11-23,23.5,17.3,31.0,,,119,12.8,,1015.3,
2021-11-24,18.6,16.0,22.0,,,92,12.5,,1017.3,
2021-11-25,21.8,15.0,30.0,,,30,11.5,,1015.2,
2021-11-26,23.0,19.0,29.0,,,313,15.2,,1008.0,
2021-11-27,21.9,17.2,27.0,,,206,10.0,,1007.8,
2021-11-28,23.1,17.7,29.0,,,44,7.2,,1009.4,
2021-11-29,24.3,19.6,29.0,,,331,12.8,,1007.6,
2021-11-30,22.9,17.2,30.0,,,238,11.3,,1008.8,
2021-12-01,20.8,17.3,29.0,,,84,14.0,,1012.3,
2021-12-02,18.5,16.0,23.0,,,99,14.6,,1014.7,
2021-12-03,17.8,15.0,22.0,,,103,14.0,,1015.8,
2021-12-04,19.1,15.3,26.0,,,76,12.0,,1018.4,
2021-12-05,20.1,16.6,27.0,,,71,12.5,,1018.0,
2021-12-06,18.2,15.6,23.0,,,106,11.5,,1017.2,
2021-12-07,15.4,13.0,18.0,,,136,17.9,,1019.2,
2021-12-08,15.6,13.0,20.0,,,120,16.0,,1019.0,
2021-12-09,16.8,12.2,23.0,,,124,10.8,,1017.7,
2021-12-10,19.2,14.1,27.0,,,84,10.7,,1014.5,
2021-12-11,23.0,15.9,30.0,,,358,9.8,,1010.7,
2021-12-12,23.3,19.7,30.0,,,68,10.5,,1010.5,
2021-12-13,23.8,19.8,30.0,,,66,12.5,,1013.0,
2021-12-14,21.1,20.0,23.0,,,87,9.8,,1013.0,
2021-12-15,22.1,20.0,27.0,,,83,8.5,,1012.3,
2021-12-16,23.7,20.3,30.0,,,97,8.3,,1012.2,
2021-12-17,22.0,19.0,26.0,,,113,11.2,,1015.6,
2021-12-18,19.5,17.0,23.0,,,109,15.4,,1018.3,
2021-12-19,18.2,16.0,22.0,,,103,14.4,,1018.5,
2021-12-20,19.7,15.0,26.0,,,87,9.8,,1015.9,
2021-12-21,22.5,17.5,30.0,,,56,8.4,,1012.2,
2021-12-22,22.2,18.0,31.0,,,48,10.0,,1010.6,
2021-12-23,18.7,16.0,23.0,,,108,14.7,,1013.8,
2021-12-24,17.5,14.6,22.0,,,118,12.9,,1014.6,
2021-12-25,19.5,14.6,26.0,,,79,9.0,,1014.0,
2021-12-26,21.9,16.6,29.0,,,18,11.6,,1012.6,
2021-12-27,20.6,17.0,28.0,,,33,9.3,,1012.4,
2021-12-28,20.5,17.0,28.0,,,57,9.8,,1014.8,
2021-12-29,20.2,16.0,25.0,,,100,14.1,,1017.0,
2021-12-30,18.6,17.0,22.0,,,83,8.7,,1015.2,
2021-12-31,18.8,17.0,23.0,,,106,8.2,,1011.2,
2022-01-01,21.8,17.6,29.0,,,64,8.7,,1010.9,
2022-01-02,23.4,19.5,30.0,,,42,10.3,,1012.7,
2022-01-03,23.3,19.0,30.0,,,91,12.0,,1012.6,
2022-01-04,22.0,19.9,26.0,,,61,10.6,,1009.5,
2022-01-05,22.2,19.0,28.0,,,2,9.9,,1007.7,
2022-01-06,18.8,16.0,21.0,,,146,15.3,,1012.4,
2022-01-07,17.2,16.0,20.0,,,134,15.7,,1015.8,
2022-01-08,16.8,15.2,19.0,,,134,15.4,,1017.0,
2022-01-09,16.8,15.0,19.0,,,125,13.8,,1017.2,
2022-01-10,18.1,16.3,21.0,,,136,16.0,,1014.7,
2022-01-11,19.0,17.0,23.0,,,132,8.6,,1013.5,
2022-01-12,20.3,17.8,26.0,,,94,8.6,,1015.7,
2022-01-13,19.9,18.0,23.0,,,59,6.0,,1019.5,
2022-01-14,21.4,18.0,27.0,,,81,8.5,,1022.0,
2022-01-15,21.8,19.0,28.0,,,26,8.1,,1020.7,
2022-01-16,22.4,19.0,27.0,,,345,9.8,,1016.7,
2022-01-17,23.2,19.0,29.0,,,329,11.2,,1015.2,
2022-01-18,23.3,20.0,28.0,,,265,9.8,,1017.4,
2022-01-19,24.3,20.6,30.0,,,91,12.0,,1019.1,
2022-01-20,24.3,20.6,30.0,,,66,7.3,,1018.4,
2022-01-21,23.7,20.9,28.0,,,63,8.4,,1017.0,
2022-01-22,24.1,20.0,31.0,,,59,8.3,,1016.5,
2022-01-23,25.3,19.0,32.0,,,92,7.1,,1015.8,
2022-01-24,24.5,20.0,31.0,,,110,8.9,,1015.2,
2022-01-25,23.6,20.0,30.0,,,79,10.1,,1014.5,
2022-01-26,24.8,20.9,31.0,,,11,13.3,,1012.7,
2022-01-27,23.1,19.3,30.0,,,0,14.0,,1011.5,
2022-01-28,17.3,16.0,19.1,,,139,13.7,,1013.0,
2022-01-29,17.2,15.0,19.0,,,137,14.0,,1013.1,
2022-01-30,18.5,17.0,21.0,,,134,15.9,,1013.6,
2022-01-31,21.6,17.5,27.0,,,191,10.7,,1012.2,
2022-02-01,22.2,18.2,28.0,,,106,10.7,,1014.5,
2022-02-02,22.0,18.8,27.0,,,89,12.2,,1017.2,
2022-02-03,21.7,18.8,26.0,,,64,12.5,,1016.4,
2022-02-04,21.9,19.8,27.0,,,350,8.6,,1013.7,
2022-02-05,23.0,20.0,29.0,,,319,9.1,,1011.5,
2022-02-06,23.1,20.0,28.0,,,244,8.7,,1012.7,
2022-02-07,20.6,18.4,26.0,,,114,9.2,,1015.3,
2022-02-08,19.8,17.0,26.0,,,110,9.0,,1015.6,
2022-02-09,19.4,16.9,25.0,,,101,9.6,,1015.8,
2022-02-10,20.0,16.0,26.0,,,85,11.0,,1016.1,
2022-02-11,20.6,16.8,26.0,,,80,11.2,,1016.4,
2022-02-12,20.3,17.0,25.0,,,96,9.9,,1016.5,
2022-02-13,22.3,15.0,29.0,,,42,6.9,,1014.2,
2022-02-14,23.2,19.0,30.0,,,98,9.2,,1013.4,
2022-02-15,20.7,18.4,26.0,,,103,9.5,,1016.6,
2022-02-16,21.0,17.0,28.0,,,68,10.9,,1017.5,
2022-02-17,19.8,15.0,27.0,,,49,10.0,,1015.1,
2022-02-18,19.2,14.0,25.0,,,104,12.6,,1013.3,
2022-02-19,19.8,15.0,27.0,,,30,10.1,,1013.1,
2022-02-20,22.9,17.0,29.0,,,18,10.1,,1014.9,
2022-02-21,23.8,19.0,29.0,,,16,12.2,,1017.1,
2022-02-22,23.5,19.0,30.0,,,65,7.4,,1017.3,
2022-02-23,22.7,19.9,29.0,,,68,9.3,,1016.1,
2022-02-24,22.5,19.9,27.0,,,80,10.3,,1017.6,
2022-02-25,22.7,20.0,27.0,,,57,8.8,,1019.3,
2022-02-26,22.9,20.0,29.0,,,88,9.5,,1019.2,
2022-02-27,23.5,18.0,30.0,,,57,11.0,,1017.1,
2022-02-28,25.2,19.9,31.0,,,4,12.8,,1014.5,
2022-03-01,23.1,19.0,28.0,,,27,10.8,,1014.5,
2022-03-02,22.5,20.0,25.0,,,355,8.3,,1015.9,
2022-03-03,22.7,20.0,28.0,,,56,8.0,,1016.3,
2022-03-04,21.7,18.0,28.0,,,67,8.3,,1016.9,
2022-03-05,24.1,19.6,30.0,,,29,8.6,,1015.8,
2022-03-06,25.3,20.6,31.0,,,1,9.9,,1015.0,
2022-03-07,24.9,20.7,31.0,,,53,7.7,,1014.8,
2022-03-08,23.0,20.0,29.0,,,93,8.8,,1016.1,
2022-03-09,22.8,20.0,27.0,,,105,11.6,,1017.0,
2022-03-10,23.1,19.0,29.0,,,10,10.0,,1015.1,
2022-03-11,23.4,19.0,29.0,,,332,8.4,,1013.4,
2022-03-12,18.7,17.0,20.9,,,106,12.5,,1016.0,
2022-03-13,18.6,17.0,20.0,,,92,6.6,,1017.1,
2022-03-14,19.7,18.0,22.0,,,109,7.5,,1015.1,
2022-03-15,20.3,18.3,24.0,,,130,10.7,,1015.7,
2022-03-16,18.8,17.0,21.0,,,146,12.3,,1016.5,
2022-03-17,21.7,17.7,26.0,,,1,7.9,,1015.8,
2022-03-18,23.4,20.0,28.0,,,345,7.3,,1016.6,
2022-03-19,21.0,18.0,25.0,,,147,11.5,,1017.2,
2022-03-20,17.5,16.0,19.0,,,135,16.5,,1021.1,
2022-03-21,16.6,15.4,19.0,,,103,13.1,,1022.7,
2022-03-22,17.4,15.0,21.0,,,83,13.0,,1021.7,
2022-03-23,19.9,14.0,26.0,,,37,12.0,,1018.2,
2022-03-24,21.6,17.0,28.0,,,8,15.4,,1014.0,
2022-03-25,20.9,18.0,23.0,,,335,13.7,,1012.9,
2022-03-26,22.0,18.0,27.0,,,323,9.1,,1013.1,
2022-03-27,21.0,16.0,27.0,,,105,7.5,,1016.7,
2022-03-28,20.3,18.0,25.0,,,98,9.6,,1019.8,
2022-03-29,21.0,16.0,26.0,,,44,9.8,,1017.9,
2022-03-30,21.1,18.0,28.0,,,0,10.5,,1014.4,
2022-03-31,15.4,11.0,19.9,,,120,13.8,,1018.3,
2022-04-01,13.7,12.1,15.0,,,129,11.6,,1023.1,
2022-04-02,15.7,14.0,18.0,,,107,12.0,,1023.8,
2022-04-03,18.6,16.0,22.0,,,77,10.7,,1021.1,
2022-04-04,20.8,18.0,28.0,,,44,9.5,,1017.8,
2022-04-05,19.8,16.0,25.0,,,99,8.1,,1018.7,
2022-04-06,19.6,16.0,24.0,,,86,7.8,,1019.0,
2022-04-07,19.5,17.0,23.0,,,79,8.7,,1018.1,
2022-04-08,19.6,17.0,27.0,,,34,9.5,,1016.8,
2022-04-09,20.7,17.0,27.0,,,47,8.7,,1016.0,
2022-04-10,20.0,17.0,24.0,,,95,7.1,,1016.4,
2022-04-11,18.0,15.0,20.0,,,52,9.4,,1015.5,
2022-04-12,18.9,17.0,22.0,,,9,7.5,,1013.3,
2022-04-13,19.7,17.0,22.0,,,68,7.7,,1013.6,
2022-04-14,17.3,14.0,20.0,,,137,11.0,,1015.7,
2022-04-15,14.9,11.0,20.0,,,149,10.4,,1018.4,
2022-04-16,14.4,9.0,20.0,,,115,9.1,,1020.7,
2022-04-17,14.8,12.4,18.0,,,115,11.2,,1021.7,
2022-04-18,14.7,12.9,18.0,,,108,11.3,,1021.6,
2022-04-19,16.3,12.0,22.0,,,70,7.4,,1020.7,
2022-04-20,17.3,14.0,24.0,,,95,7.8,,1020.5,
2022-04-21,18.2,14.0,24.0,,,33,6.2,,1017.2,
2022-04-22,16.3,15.0,20.0,,,17,8.9,,1012.8,
2022-04-23,17.3,13.0,21.0,,,336,10.7,,1011.9,
2022-04-24,17.5,13.0,24.0,,,55,6.8,,1019.7,
2022-04-25,19.0,13.0,26.0,,,33,8.8,,1020.4,
2022-04-26,20.6,15.0,26.0,,,23,7.6,,1018.6,
2022-04-27,22.1,17.0,27.0,,,3,8.6,,1017.2,
2022-04-28,23.0,17.0,28.0,,,346,10.4,,1018.2,
2022-04-29,17.9,15.0,20.8,,,107,10.5,,1022.0,
2022-04-30,16.6,15.0,19.0,,,71,10.6,,1021.4,
2022-05-01,20.0,16.0,25.0,,,332,10.9,,1017.0,
2022-05-02,19.2,16.8,24.0,,,71,9.2,,1017.1,
2022-05-03,17.4,15.0,20.0,,,94,7.6,,1014.8,
2022-05-04,15.7,13.8,18.0,,,314,11.1,,1012.4,
2022-05-05,15.7,13.0,20.0,,,177,6.9,,1018.4,
2022-05-06,15.4,13.0,20.0,,,92,7.5,,1023.4,
2022-05-07,14.1,10.0,18.0,,,108,10.1,,1024.5,
2022-05-08,13.9,9.0,18.0,,,85,10.2,,1023.6,
2022-05-09,15.3,12.0,20.0,,,75,8.7,,1022.8,
2022-05-10,16.6,13.0,20.0,,,15,6.8,,1020.0,
2022-05-11,17.1,14.8,21.0,,,295,7.7,,1016.2,
2022-05-12,15.0,10.0,20.0,,,122,8.2,,1018.3,
2022-05-13,15.7,13.0,21.0,,,68,8.6,,1020.4,
2022-05-14,15.5,12.0,19.0,,,50,9.0,,1019.6,
2022-05-15,17.1,14.0,21.0,,,315,11.0,,1015.1,
2022-05-16,14.6,9.7,19.0,,,213,8.3,,1016.9,
2022-05-17,8.4,5.0,13.0,,,271,12.1,,1016.5,
2022-05-18,9.3,5.3,13.0,,,274,16.9,,1013.9,
2022-05-19,10.6,6.5,15.0,,,209,10.3,,1018.1,
2022-05-20,11.0,4.0,17.0,,,302,6.7,,1022.1,
2022-05-21,11.8,5.0,19.0,,,345,5.2,,1024.1,
2022-05-22,11.9,6.0,19.0,,,18,5.9,,1023.7,
2022-05-23,14.7,10.8,21.0,,,49,7.1,,1022.3,
2022-05-24,15.5,9.0,23.0,,,33,7.0,,1023.0,
2022-05-25,15.4,9.0,23.0,0.0,,9,8.9,,1024.2,
2022-05-26,16.3,10.0,23.0,,,359,7.9,,1023.6,
2022-05-27,17.4,11.3,23.0,,,4,10.1,,1020.7,
2022-05-28,17.3,13.0,23.0,0.0,,335,9.9,,1017.8,
2022-05-29,18.3,14.5,24.0,0.0,,346,24.4,,1013.2,
2022-05-30,15.8,12.9,18.0,16.0,,343,12.9,,1013.5,
2022-05-31,11.2,9.6,12.5,5.9,,87,14.1,,1018.4,
2022-06-01,11.8,9.6,13.8,6.5,,48,11.1,,1017.9,
2022-06-02,13.7,10.7,15.0,33.4,,38,8.0,,1017.1,
2022-06-03,11.4,10.0,14.0,0.2,,91,10.9,,1022.4,
2022-06-04,11.8,9.4,16.0,0.2,,94,11.0,,1024.6,
2022-06-05,14.1,11.2,19.0,0.0,,52,9.2,,1022.2,
2022-06-06,16.1,11.7,22.0,5.4,,324,8.0,,1017.7,
2022-06-07,15.2,13.4,17.0,21.0,,11,8.9,,1015.2,
2022-06-08,14.3,12.2,18.0,2.3,,108,10.0,,1017.6,
2022-06-09,14.5,12.2,18.0,8.7,,105,7.9,,1019.2,
2022-06-10,13.6,9.4,16.0,0.1,,266,7.4,,1018.6,
2022-06-11,8.5,4.6,13.0,0.0,,258,10.2,,1020.8,
2022-06-12,7.7,2.6,14.0,0.0,,231,12.7,,1021.5,
2022-06-13,8.8,2.1,18.0,0.0,,128,7.0,,1024.3,
2022-06-14,11.2,7.4,16.0,0.0,,80,8.8,,1024.4,
2022-06-15,13.3,8.9,21.0,0.0,,17,9.2,,1023.0,
2022-06-16,16.2,8.0,24.0,0.0,,1,5.0,,1019.8,
2022-06-17,17.4,13.4,23.0,3.6,,333,14.8,,1013.5,
2022-06-18,13.5,9.2,17.0,0.0,,216,9.5,,1018.8,
2022-06-19,11.4,7.5,15.0,0.0,,57,9.5,,1023.5,
2022-06-20,13.0,9.7,17.0,0.0,,32,5.8,,1021.9,
2022-06-21,17.0,11.0,23.0,0.0,,5,11.2,,1018.7,
2022-06-22,19.1,14.9,25.0,0.0,,343,13.4,,1016.6,
2022-06-23,19.8,15.0,25.0,0.0,,319,13.4,,1018.4,
2022-06-24,18.8,12.0,25.0,0.0,,285,7.1,,1020.9,
2022-06-25,15.3,12.0,20.0,1.2,,131,10.9,,1023.2,
2022-06-26,11.8,10.0,13.0,0.0,,93,9.6,,1024.4,
2022-06-27,12.4,10.3,15.0,0.0,,60,7.7,,1022.8,
2022-06-28,15.4,10.9,21.0,0.0,,333,9.2,,1019.8,
2022-06-29,15.3,10.5,19.0,0.0,,284,12.6,,1017.0,
2022-06-30,12.7,6.0,20.0,0.0,,341,5.4,,1019.9,
2022-07-01,13.4,6.0,21.0,0.0,,8,8.0,,1020.2,
2022-07-02,16.3,9.0,24.0,0.0,,343,11.3,,1020.6,
2022-07-03,18.8,12.0,26.0,0.0,,353,9.3,,1023.6,
2022-07-04,18.3,12.0,24.0,0.0,,330,6.4,,1023.1,
2022-07-05,16.9,11.0,23.0,0.0,,315,6.5,,1021.5,
2022-07-06,16.2,10.0,23.0,0.0,,310,7.9,,1019.9,
2022-07-07,17.9,12.1,25.0,0.0,,306,6.9,,1020.5,
2022-07-08,16.6,11.0,24.0,0.0,,127,7.3,,1024.8,
2022-07-09,15.9,12.6,22.0,0.0,,42,9.0,,1024.7,
2022-07-10,16.6,12.0,23.0,0.0,,0,10.8,,1020.7,
2022-07-11,18.0,13.0,23.0,0.0,,345,13.8,,1015.4,
2022-07-12,16.6,12.0,21.0,1.1,,277,14.8,,1016.0,
2022-07-13,12.0,11.0,13.0,0.0,,95,12.4,,1023.3,
2022-07-14,15.9,11.5,22.0,0.2,,38,11.5,,1020.8,
2022-07-15,18.1,13.0,25.0,0.0,,351,14.0,,1016.2,
2022-07-16,20.5,15.2,26.0,0.0,,329,20.2,,1013.5,
2022-07-17,15.3,11.0,19.3,0.5,,295,9.7,,1020.0,
2022-07-18,12.7,11.0,15.0,6.7,,54,10.9,,1025.3,
2022-07-19,16.7,13.0,23.0,5.8,,61,6.7,,1024.6,
2022-07-20,15.6,12.0,22.0,0.0,,70,7.1,,1023.6,
2022-07-21,16.8,11.0,23.0,0.0,,5,7.6,,1021.3,
2022-07-22,18.8,13.0,25.0,0.0,,334,4.8,,1020.3,
2022-07-23,18.2,12.0,24.0,0.0,,341,5.9,,1020.3,
2022-07-24,17.8,12.0,25.0,0.0,,358,4.4,,1021.7,
2022-07-25,17.9,11.0,25.0,0.0,,151,4.6,,1022.3,
2022-07-26,15.8,10.0,22.0,0.0,,76,5.8,,1023.2,
2022-07-27,15.4,11.0,22.0,0.0,,341,5.0,,1021.5,
2022-07-28,18.9,13.3,25.0,0.0,,315,8.1,,1015.0,
2022-07-29,13.8,8.8,18.0,8.6,,246,12.3,,1014.2,
2022-07-30,10.8,5.0,18.0,0.0,,165,7.4,,1020.1,
2022-07-31,12.3,7.0,20.0,0.0,,20,7.2,,1021.2,
2022-08-01,15.5,7.0,23.0,0.0,,338,5.2,,1019.6,
2022-08-02,18.5,12.0,26.0,0.0,,158,4.5,,1020.0,
2022-08-03,16.7,12.0,24.0,0.0,,51,7.4,,1019.7,
2022-08-04,20.1,13.0,26.0,0.0,,340,12.8,,1014.6,
2022-08-05,16.5,13.0,21.0,0.0,,206,10.6,,1015.6,
2022-08-06,12.4,11.8,14.0,1.5,,97,10.9,,1019.6,
2022-08-07,13.1,11.0,15.0,22.5,,37,8.9,,1017.4,
2022-08-08,15.1,13.5,19.0,5.1,,139,9.2,,1018.6,
2022-08-09,13.2,12.9,14.2,14.9,,84,9.4,,1019.6,
2022-08-10,10.2,7.0,14.6,44.2,,226,12.9,,1016.5,
2022-08-11,10.7,7.2,16.0,0.0,,149,12.4,,1024.1,
2022-08-12,11.9,9.7,15.0,0.4,,89,10.4,,1025.4,
2022-08-13,14.4,9.9,22.0,0.0,,49,9.2,,1024.2,
2022-08-14,16.7,11.7,24.0,0.0,,44,9.5,,1021.2,
2022-08-15,18.9,12.0,25.0,0.0,,2,16.0,,1014.7,
2022-08-16,16.3,14.0,20.0,22.2,,275,12.1,,1014.4,
2022-08-17,15.7,14.0,17.0,24.2,,5,15.8,,1014.8,
2022-08-18,14.5,9.0,16.3,22.0,,320,12.8,,1014.0,
2022-08-19,7.5,3.0,12.0,0.7,,156,17.1,,1028.1,
2022-08-20,7.6,4.5,11.0,0.0,,104,14.6,,1031.1,
2022-08-21,10.4,7.5,13.0,0.0,,93,8.3,,1028.5,
2022-08-22,12.1,10.0,14.0,0.6,,82,8.9,,1026.5,
2022-08-23,13.3,10.0,18.0,0.0,,80,7.8,,1026.0,
2022-08-24,14.4,9.0,21.0,0.0,,77,7.3,,1025.0,
2022-08-25,15.9,12.1,21.0,0.0,,92,7.6,,1023.8,
2022-08-26,17.9,13.0,25.0,0.0,,79,6.6,,1021.8,
2022-08-27,19.7,12.0,26.0,0.0,,10,9.0,,1018.5,
2022-08-28,16.6,12.0,23.0,0.1,,101,8.9,,1020.8,
2022-08-29,9.4,8.0,12.2,0.0,,110,19.6,,1028.7,
2022-08-30,9.6,7.6,13.2,1.0,,111,14.5,,1028.9,
2022-08-31,11.7,8.5,16.0,0.0,,84,13.4,,1025.8,
2022-09-01,15.2,7.0,23.0,0.0,,31,9.4,,1020.6,
2022-09-02,17.3,13.0,23.0,3.6,,329,8.1,,1017.7,
2022-09-03,12.6,10.0,17.3,14.1,,105,9.7,,1020.5,
2022-09-04,9.5,8.0,11.0,0.0,,101,15.9,,1025.7,
2022-09-05,10.7,9.0,13.0,3.3,,98,10.9,,1026.7,
2022-09-06,12.5,11.0,14.0,20.8,,91,12.1,,1025.9,
2022-09-07,15.0,12.5,20.0,6.1,,27,15.2,,1019.2,
2022-09-08,20.0,14.2,27.0,0.0,,3,12.3,,1015.4,
2022-09-09,23.6,17.6,29.0,0.0,,351,15.1,,1014.5,
2022-09-10,18.1,12.0,24.0,12.3,,124,8.4,,1017.2,
2022-09-11,11.2,10.0,13.6,3.0,,85,10.9,,1021.3,
2022-09-12,11.6,1.0,14.7,23.5,,69,10.8,,1018.5,
2022-09-13,17.5,13.0,23.0,22.2,,306,8.6,,1015.1,
2022-09-14,12.5,10.0,15.1,32.9,,101,11.7,,1018.5,
2022-09-15,12.0,10.0,13.5,1.1,,131,8.9,,1022.3,
2022-09-16,12.3,10.0,15.0,1.0,,127,14.1,,1024.4,
2022-09-17,11.7,9.0,16.0,0.1,,104,18.7,,1024.7,
2022-09-18,13.0,10.0,17.0,0.0,,86,15.5,,1021.2,
2022-09-19,13.9,10.0,18.0,6.9,,77,10.0,,1017.6,
2022-09-20,17.2,13.3,23.0,3.1,,131,10.2,,1014.8,
2022-09-21,13.7,12.0,16.0,29.1,,84,10.0,,1014.4,
2022-09-22,15.8,12.4,21.0,0.0,,247,12.2,,1012.6,
2022-09-23,11.6,6.9,17.0,0.0,,222,10.2,,1017.8,
2022-09-24,12.8,7.0,20.0,0.0,,101,10.6,,1021.0,
2022-09-25,11.1,9.0,13.8,6.7,,96,10.3,,1021.0,
2022-09-26,14.4,12.2,17.0,26.3,,357,14.9,,1018.6,
2022-09-27,16.5,13.0,21.0,7.7,,85,6.7,,1019.0,
2022-09-28,12.9,10.0,14.6,16.2,,131,16.5,,1022.3,
2022-09-29,12.1,10.8,14.0,0.8,,104,16.1,,1023.4,
2022-09-30,12.9,11.0,14.3,0.4,,101,11.3,,1022.8,
2022-10-01,16.5,13.0,23.0,2.1,,81,6.7,,1020.2,
2022-10-02,16.6,14.0,23.0,0.5,,94,8.1,,1020.0,
2022-10-03,15.3,12.0,18.0,0.0,,86,11.4,,1017.9,
2022-10-04,15.5,12.0,19.0,0.6,,67,11.2,,1016.2,
2022-10-05,16.9,12.0,24.0,0.0,,58,10.7,,1017.2,
2022-10-06,16.7,14.9,21.0,1.0,,46,12.1,,1013.7,
2022-10-07,17.6,13.7,21.0,9.4,,273,13.8,,1011.0,
2022-10-08,17.3,11.0,24.0,0.0,,26,9.1,,1014.4,
2022-10-09,18.2,13.2,27.0,0.0,,96,10.7,,1016.8,
2022-10-10,13.5,12.0,15.7,0.1,,102,15.1,,1022.2,
2022-10-11,17.3,14.0,24.0,11.5,,83,10.5,,1020.0,
2022-10-12,17.7,16.0,21.0,11.8,,339,9.4,,1018.2,
2022-10-13,17.4,16.0,20.0,5.8,,23,8.4,,1019.4,
2022-10-14,15.2,14.0,16.5,15.8,,121,10.8,,1023.7,
2022-10-15,15.1,14.0,16.0,6.3,,106,15.0,,1025.5,
2022-10-16,17.6,15.0,23.0,8.6,,95,9.2,,1019.8,
2022-10-17,17.7,14.6,22.0,1.4,,110,11.0,,1018.4,
2022-10-18,15.7,15.0,17.4,15.0,,95,9.1,,1021.0,
2022-10-19,19.3,15.0,25.0,1.2,,56,8.4,,1018.4,
2022-10-20,17.4,15.0,19.0,1.7,,0,12.3,,1014.0,
2022-10-21,19.6,17.0,23.0,6.4,,315,13.2,,1010.0,
2022-10-22,17.9,14.1,24.0,0.0,,153,9.3,,1015.5,
2022-10-23,18.1,14.0,25.0,0.0,,112,7.2,,1018.8,
2022-10-24,18.5,15.6,26.0,0.1,,78,9.5,,1018.4,
2022-10-25,17.5,14.0,24.0,0.0,,104,9.8,,1018.5,
2022-10-26,19.8,14.0,27.0,0.0,,46,11.2,,1015.7,
2022-10-27,21.5,15.6,29.0,0.1,,325,11.2,,1013.4,
2022-10-28,21.6,16.3,29.0,0.1,,56,10.4,,1014.3,
2022-10-29,20.2,16.0,28.0,13.7,,355,9.5,,1013.0,
2022-10-30,21.7,16.0,26.0,1.1,,331,10.9,,1009.4,
2022-10-31,18.0,14.0,22.0,7.2,,35,11.3,,1012.0,
2022-11-01,11.2,8.0,15.4,5.8,,151,19.7,,1022.2,
2022-11-02,9.8,8.0,12.3,2.5,,148,16.9,,1027.1,
2022-11-03,12.0,9.0,16.0,1.5,,123,16.8,,1025.8,
2022-11-04,13.0,9.9,17.0,0.3,,111,14.2,,1023.0,
2022-11-05,13.4,10.0,18.0,0.3,,113,11.7,,1022.1,
2022-11-06,13.7,10.8,18.0,1.4,,113,11.9,,1022.3,
2022-11-07,14.0,10.5,19.0,0.4,,123,12.9,,1021.3,
2022-11-08,15.3,10.5,22.0,1.8,,104,9.4,,1019.1,
2022-11-09,17.5,12.2,26.0,0.2,,54,11.4,,1017.0,
2022-11-10,19.2,13.8,26.0,0.0,,55,9.6,,1017.1,
2022-11-11,17.5,15.6,21.0,11.8,,85,9.7,,1016.8,
2022-11-12,18.7,15.9,24.0,0.8,,69,9.5,,1015.5,
2022-11-13,19.9,16.1,27.0,4.1,,55,12.6,,1013.7,
2022-11-14,21.1,17.0,26.0,2.2,,331,10.7,,1011.9,
2022-11-15,20.0,14.9,25.0,0.0,,241,9.6,,1016.2,
2022-11-16,19.2,14.1,25.0,0.0,,124,11.4,,1019.3,
2022-11-17,18.0,12.6,24.0,0.0,,123,13.5,,1020.1,
2022-11-18,16.9,12.2,22.0,0.0,,102,13.3,,1019.7,
2022-11-19,17.0,13.7,21.0,0.0,,98,15.3,,1019.2,
2022-11-20,18.7,14.9,23.0,1.3,,81,11.9,,1017.8,
2022-11-21,21.1,16.8,27.0,0.9,,53,12.6,,1016.2,
2022-11-22,19.4,17.6,24.0,5.3,,10,9.0,,1015.2,
2022-11-23,20.1,17.0,26.0,13.5,,48,12.5,,1013.7,
2022-11-24,16.9,15.0,19.0,2.3,,125,12.2,,1015.6,
2022-11-25,17.5,15.0,21.0,1.1,,125,14.2,,1017.9,
2022-11-26,17.0,15.0,19.0,11.9,,164,11.2,,1017.2,
2022-11-27,17.6,15.9,21.0,5.5,,128,12.9,,1016.9,
2022-11-28,16.4,15.0,18.0,15.1,,157,13.8,,1013.1,
2022-11-29,17.9,16.5,20.0,6.7,,126,13.2,,1009.5,
2022-11-30,18.2,16.7,21.0,9.5,,106,10.6,,1008.2,
2022-12-01,20.7,17.0,26.0,3.8,,43,10.1,,1010.5,
2022-12-02,21.8,19.1,27.0,10.0,,46,9.5,,1013.9,
2022-12-03,21.6,19.0,28.0,9.1,,53,9.7,,1014.2,
2022-12-04,21.7,19.0,27.0,19.9,,40,9.1,,1012.3,
2022-12-05,22.0,19.6,26.0,16.9,,23,8.8,,1013.1,
2022-12-06,21.7,19.0,28.0,6.2,,82,10.5,,1015.2,
2022-12-07,22.1,18.5,29.0,0.7,,100,11.6,,1014.8,
2022-12-08,23.9,18.3,30.0,0.4,,74,7.1,,1012.2,
2022-12-09,22.9,18.0,31.0,13.8,,21,8.5,,1012.3,
2022-12-10,23.1,18.0,29.0,2.0,,13,10.5,,1013.5,
2022-12-11,23.1,21.0,28.0,7.0,,54,10.7,,1012.6,
2022-12-12,22.6,20.4,27.0,11.4,,316,9.4,,1008.4,
2022-12-13,20.2,16.6,24.3,10.7,,218,10.6,,1006.3,
2022-12-14,18.9,14.5,25.7,0.6,,166,10.0,,1011.4,
2022-12-15,20.5,15.3,26.4,,,82,8.0,,1011.5,
2022-12-16,20.6,17.3,25.4,,,52,7.2,,1009.4,
2022-12-17,19.6,16.4,24.0,,,97,8.7,,1009.6,
2022-12-18,19.0,17.3,22.4,,,74,9.4,,1011.7,
2022-12-19,19.8,17.6,24.1,,,71,10.6,,1012.7,
2022-12-20,21.0,18.1,25.0,,,72,10.4,,1011.3,
2022-12-21,22.1,19.0,26.2,,,55,9.6,,1010.8,
